<!-- DWF2XML 2.00.01 - Raisonance Dwarf information extractor -->
<aoffile Header="MP3_Player" Path="C:\Users\kasper\Desktop\MP3_Player\SRC\objdebug\MP3_Player.elf">
 <Def>
  <Col Header="DeclFile" Desc="File"/>
  <Col Header="Type" Desc="Type"/>
  <Col Header="Header" Desc="Name"/>
 </Def>
 <type Header="s16" Icon="1" Type="type" Desc=": int" DeclFile="C:\Program Files\Raisonance\Ride\Lib\ARM\include\stm32f10x_type.h" DeclLine="24" Pointer="No"/>
 <type Header="u32" Icon="1" Type="type" Desc=": unsigned long" DeclFile="C:\Program Files\Raisonance\Ride\Lib\ARM\include\stm32f10x_type.h" DeclLine="39" Pointer="No"/>
 <type Header="u16" Icon="1" Type="type" Desc=": unsigned int" DeclFile="C:\Program Files\Raisonance\Ride\Lib\ARM\include\stm32f10x_type.h" DeclLine="40" Pointer="No"/>
 <type Header="u8" Icon="1" Type="type" Desc=": unsigned char" DeclFile="C:\Program Files\Raisonance\Ride\Lib\ARM\include\stm32f10x_type.h" DeclLine="41" Pointer="No"/>
 <type Header="FunctionalState" Icon="1" Type="type" Desc=": unsigned char" DeclFile="C:\Program Files\Raisonance\Ride\Lib\ARM\include\stm32f10x_type.h" DeclLine="59" Pointer="No"/>
 <type Header="NVIC_InitTypeDef" Icon="1" Type="type" Desc=": struct " DeclFile="C:\Program Files\Raisonance\Ride\Lib\ARM\include\stm32f10x_nvic.h" DeclLine="32" Pointer="No"/>
 <type Header="TIM_TimeBaseInitTypeDef" Icon="1" Type="type" Desc=": struct " DeclFile="C:\Program Files\Raisonance\Ride\Lib\ARM\include\stm32f10x_tim.h" DeclLine="34" Pointer="No"/>
 <type Header="tflying_text" Icon="1" Type="type" Desc=": struct " DeclFile="C:\Users\kasper\Desktop\MP3_Player\SRC\Display_control.h" DeclLine="74" Pointer="No"/>
 <type Header="tCircleFunc0" Icon="1" Type="type" Desc=": unsigned long CODE*" DeclFile="C:\Users\kasper\Desktop\MP3_Player\SRC\circle_api.h" DeclLine="88" Pointer="Yes"/>
 <type Header="tHandler" Icon="1" Type="type" Desc=":  " DeclFile="C:\Users\kasper\Desktop\MP3_Player\SRC\circle_api.h" DeclLine="140" Pointer="No"/>
 <type Header="AUDIO_Length_enum" Icon="1" Type="type" Desc=": unsigned char" DeclFile="C:\Users\kasper\Desktop\MP3_Player\SRC\circle_api.h" DeclLine="870" Pointer="No"/>
 <type Header="AUDIO_Frequency_enum" Icon="1" Type="type" Desc=": unsigned char" DeclFile="C:\Users\kasper\Desktop\MP3_Player\SRC\circle_api.h" DeclLine="871" Pointer="No"/>
 <type Header="AUDIO_PlaybackBuffer_Status" Icon="1" Type="type" Desc=": unsigned char" DeclFile="C:\Users\kasper\Desktop\MP3_Player\SRC\circle_api.h" DeclLine="873" Pointer="No"/>
 <type Header="VOLINFO" Icon="1" Type="type" Desc=": struct _tagVOLINFO" DeclFile="C:\Users\kasper\Desktop\MP3_Player\SRC\circle_api.h" DeclLine="1014" Pointer="No"/>
 <type Header="PVOLINFO" Icon="1" Type="type" Desc=": struct _tagVOLINFO CODE*" DeclFile="C:\Users\kasper\Desktop\MP3_Player\SRC\circle_api.h" DeclLine="1014" Pointer="Yes"/>
 <type Header="FILEINFO" Icon="1" Type="type" Desc=": struct _tagFILEINFO" DeclFile="C:\Users\kasper\Desktop\MP3_Player\SRC\circle_api.h" DeclLine="1086" Pointer="No"/>
 <type Header="MPEGVersion" Icon="1" Type="type" Desc=": unsigned char" DeclFile="C:\Users\kasper\Desktop\MP3_Player\SRC\pub\mp3dec.h" DeclLine="92" Pointer="No"/>
 <type Header="HMP3Decoder" Icon="1" Type="type" Desc=":  " DeclFile="C:\Users\kasper\Desktop\MP3_Player\SRC\pub\mp3dec.h" DeclLine="94" Pointer="No"/>
 <type Header="MP3FrameInfo" Icon="1" Type="type" Desc=": struct _MP3FrameInfo" DeclFile="C:\Users\kasper\Desktop\MP3_Player\SRC\pub\mp3dec.h" DeclLine="122" Pointer="No"/>
 <type Header="Endianness" Icon="1" Type="type" Desc=": unsigned char" DeclFile="C:\Users\kasper\Desktop\MP3_Player\SRC\Application.c" DeclLine="75" Pointer="No"/>
 <type Header="WAVE_FormatTypeDef" Icon="1" Type="type" Desc=": struct " DeclFile="C:\Users\kasper\Desktop\MP3_Player\SRC\Application.c" DeclLine="87" Pointer="No"/>
 <type Header="ErrorCode" Icon="1" Type="type" Desc=": unsigned char" DeclFile="C:\Users\kasper\Desktop\MP3_Player\SRC\Application.c" DeclLine="103" Pointer="No"/>
 <type Header="PLAYER_State" Icon="1" Type="type" Desc=": unsigned char" DeclFile="C:\Users\kasper\Desktop\MP3_Player\SRC\Application.c" DeclLine="109" Pointer="No"/>
 <func Header="ReadUnit" Icon="3" Type="func" Desc=":   unsigned long" DeclFile="C:\Users\kasper\Desktop\MP3_Player\SRC\Application.c" DeclLine="0"/>
 <func Header="FillBuffer" Icon="3" Type="func" Desc=":   void" DeclFile="C:\Users\kasper\Desktop\MP3_Player\SRC\Application.c" DeclLine="723"/>
 <func Header="OpenAudioFile" Icon="3" Type="func" Desc=":   void" DeclFile="C:\Users\kasper\Desktop\MP3_Player\SRC\Application.c" DeclLine="267"/>
 <func Header="Application_Ini" Icon="3" Type="func" Desc=":   unsigned char" DeclFile="C:\Users\kasper\Desktop\MP3_Player\SRC\Application.c" DeclLine="204"/>
 <func Header="TIM5_irq" Icon="3" Type="func" Desc=":   void" DeclFile="C:\Users\kasper\Desktop\MP3_Player\SRC\Application.c" DeclLine="188"/>
 <func Header="PlayAudioFile" Icon="3" Type="func" Desc=":   void" DeclFile="C:\Users\kasper\Desktop\MP3_Player\SRC\Application.c" DeclLine="304"/>
 <func Header="Application_Handler" Icon="3" Type="func" Desc=":   unsigned char" DeclFile="C:\Users\kasper\Desktop\MP3_Player\SRC\Application.c" DeclLine="432"/>
 <type Header="HMP3Decoder" Icon="1" Type="type" Desc=":  " DeclFile="C:\Users\kasper\Desktop\MP3_Player\SRC\pub\mp3dec.h" DeclLine="94" Pointer="No"/>
 <variable Header="hMP3Decoder" Icon="2" Type="variable" Desc=":    " DeclFile="C:\Users\kasper\Desktop\MP3_Player\SRC\Application.c" DeclLine="157" Pointer="No"/>
 <variable Header="fEOF" Icon="2" Type="variable" Desc=":   unsigned char" DeclFile="C:\Users\kasper\Desktop\MP3_Player\SRC\Application.c" DeclLine="136" Pointer="No"/>
 <variable Header="HeaderTabIndex" Icon="2" Type="variable" Desc=":   unsigned char" DeclFile="C:\Users\kasper\Desktop\MP3_Player\SRC\Application.c" DeclLine="137" Pointer="No"/>
 <variable Header="AudioFileHeader" Icon="2" Type="variable" Desc=":   unsigned char[44]" DeclFile="C:\Users\kasper\Desktop\MP3_Player\SRC\Application.c" DeclLine="138" Pointer="No"/>
 <variable Header="i2saudiolength" Icon="2" Type="variable" Desc=":   unsigned char" DeclFile="C:\Users\kasper\Desktop\MP3_Player\SRC\Application.c" DeclLine="139" Pointer="No"/>
 <variable Header="BufferStatus" Icon="2" Type="variable" Desc=":   unsigned char" DeclFile="C:\Users\kasper\Desktop\MP3_Player\SRC\Application.c" DeclLine="140" Pointer="No"/>
 <variable Header="DataStartAddr" Icon="2" Type="variable" Desc=":   unsigned long" DeclFile="C:\Users\kasper\Desktop\MP3_Player\SRC\Application.c" DeclLine="141" Pointer="No"/>
 <variable Header="Real_wav_samplerate" Icon="2" Type="variable" Desc=":   unsigned long" DeclFile="C:\Users\kasper\Desktop\MP3_Player\SRC\Application.c" DeclLine="142" Pointer="No"/>
 <variable Header="State" Icon="2" Type="variable" Desc=":   unsigned char" DeclFile="C:\Users\kasper\Desktop\MP3_Player\SRC\Application.c" DeclLine="143" Pointer="No"/>
 <variable Header="WAVE_Format" Icon="2" Type="variable" Desc=":   struct " DeclFile="C:\Users\kasper\Desktop\MP3_Player\SRC\Application.c" DeclLine="144" Pointer="No"/>
 <variable Header="WaveFileStatus" Icon="2" Type="variable" Desc=":   unsigned char" DeclFile="C:\Users\kasper\Desktop\MP3_Player\SRC\Application.c" DeclLine="145" Pointer="No"/>
 <variable Header="AudioBuffer" Icon="2" Type="variable" Desc=":   int[4608]" DeclFile="C:\Users\kasper\Desktop\MP3_Player\SRC\Application.c" DeclLine="146" Pointer="No"/>
 <variable Header="file_info" Icon="2" Type="variable" Desc=":   struct _tagFILEINFO" DeclFile="C:\Users\kasper\Desktop\MP3_Player\SRC\Application.c" DeclLine="147" Pointer="No"/>
 <variable Header="StartMBR" Icon="2" Type="variable" Desc=":   unsigned long" DeclFile="C:\Users\kasper\Desktop\MP3_Player\SRC\Application.c" DeclLine="148" Pointer="No"/>
 <variable Header="volume_info" Icon="2" Type="variable" Desc=":   struct _tagVOLINFO" DeclFile="C:\Users\kasper\Desktop\MP3_Player\SRC\Application.c" DeclLine="149" Pointer="No"/>
 <variable Header="mp3FrameInfo" Icon="2" Type="variable" Desc=":   struct _MP3FrameInfo" DeclFile="C:\Users\kasper\Desktop\MP3_Player\SRC\Application.c" DeclLine="154" Pointer="No"/>
 <variable Header="Old_Pll" Icon="2" Type="variable" Desc=":   unsigned long" DeclFile="C:\Users\kasper\Desktop\MP3_Player\SRC\Application.c" DeclLine="158" Pointer="No"/>
 <variable Header="bytesLeft" Icon="2" Type="variable" Desc=":   unsigned long" DeclFile="C:\Users\kasper\Desktop\MP3_Player\SRC\Application.c" DeclLine="159" Pointer="No"/>
 <variable Header="outOfData" Icon="2" Type="variable" Desc=":   unsigned long" DeclFile="C:\Users\kasper\Desktop\MP3_Player\SRC\Application.c" DeclLine="160" Pointer="No"/>
 <variable Header="readBuf" Icon="2" Type="variable" Desc=":   unsigned char[4000]" DeclFile="C:\Users\kasper\Desktop\MP3_Player\SRC\Application.c" DeclLine="161" Pointer="No"/>
 <variable Header="readPtr" Icon="2" Type="variable" Desc=":   unsigned char CODE*" DeclFile="C:\Users\kasper\Desktop\MP3_Player\SRC\Application.c" DeclLine="162" Pointer="Yes"/>
 <type Header="tHandler" Icon="1" Type="type" Desc=":  " DeclFile="C:\Users\kasper\Desktop\MP3_Player\SRC\circle_api.h" DeclLine="140" Pointer="No"/>
 <variable Header="old_tim5_irq" Icon="2" Type="variable" Desc=":    " DeclFile="C:\Users\kasper\Desktop\MP3_Player\SRC\Application.c" DeclLine="163" Pointer="No"/>
 <variable Header="Application_Name" Icon="2" Type="variable" Desc=":   unsigned char[9]" DeclFile="C:\Users\kasper\Desktop\MP3_Player\SRC\Application.c" DeclLine="176" Pointer="No"/>
 <variable Header="CurrentPath" Icon="2" Type="variable" Desc=":   unsigned char[200]" DeclFile="C:\Users\kasper\Desktop\MP3_Player\SRC\Application.c" DeclLine="178" Pointer="No"/>
 <type Header="u32" Icon="1" Type="type" Desc=": unsigned long" DeclFile="C:\Program Files\Raisonance\Ride\Lib\ARM\include\stm32f10x_type.h" DeclLine="39" Pointer="No"/>
 <type Header="u16" Icon="1" Type="type" Desc=": unsigned int" DeclFile="C:\Program Files\Raisonance\Ride\Lib\ARM\include\stm32f10x_type.h" DeclLine="40" Pointer="No"/>
 <type Header="u8" Icon="1" Type="type" Desc=": unsigned char" DeclFile="C:\Program Files\Raisonance\Ride\Lib\ARM\include\stm32f10x_type.h" DeclLine="41" Pointer="No"/>
 <type Header="tCircleFunc0" Icon="1" Type="type" Desc=": unsigned long CODE*" DeclFile="C:\Users\kasper\Desktop\MP3_Player\SRC\circle_api.h" DeclLine="88" Pointer="Yes"/>
 <type Header="PVOLINFO" Icon="1" Type="type" Desc=": struct _tagVOLINFO CODE*" DeclFile="C:\Users\kasper\Desktop\MP3_Player\SRC\circle_api.h" DeclLine="1014" Pointer="Yes"/>
 <type Header="PFILEINFO" Icon="1" Type="type" Desc=": struct _tagFILEINFO CODE*" DeclFile="C:\Users\kasper\Desktop\MP3_Player\SRC\circle_api.h" DeclLine="1086" Pointer="Yes"/>
 <type Header="tButInfo" Icon="1" Type="type" Desc=": struct " DeclFile="C:\Users\kasper\Desktop\MP3_Player\SRC\Display_control.h" DeclLine="41" Pointer="No"/>
 <type Header="etouch_pressed" Icon="1" Type="type" Desc=": unsigned char" DeclFile="C:\Users\kasper\Desktop\MP3_Player\SRC\Display_control.h" DeclLine="55" Pointer="No"/>
 <type Header="etouch_bt_state" Icon="1" Type="type" Desc=": unsigned char" DeclFile="C:\Users\kasper\Desktop\MP3_Player\SRC\Display_control.h" DeclLine="62" Pointer="No"/>
 <type Header="tflying_text" Icon="1" Type="type" Desc=": struct " DeclFile="C:\Users\kasper\Desktop\MP3_Player\SRC\Display_control.h" DeclLine="74" Pointer="No"/>
 <type Header="tID3V3" Icon="1" Type="type" Desc=": struct " DeclFile="C:\Users\kasper\Desktop\MP3_Player\SRC\Display_control.h" DeclLine="87" Pointer="No"/>
 <func Header="Draw_Display" Icon="3" Type="func" Desc=":   void" DeclFile="C:\Users\kasper\Desktop\MP3_Player\SRC\Display_control.c" DeclLine="102"/>
 <func Header="Get_Touch" Icon="3" Type="func" Desc=":   unsigned char" DeclFile="C:\Users\kasper\Desktop\MP3_Player\SRC\Display_control.c" DeclLine="125"/>
 <func Header="flying_text_write" Icon="3" Type="func" Desc=":   void" DeclFile="C:\Users\kasper\Desktop\MP3_Player\SRC\Display_control.c" DeclLine="248"/>
 <func Header="flying_text_clear" Icon="3" Type="func" Desc=":   void" DeclFile="C:\Users\kasper\Desktop\MP3_Player\SRC\Display_control.c" DeclLine="292"/>
 <func Header="Read_ID3V1" Icon="3" Type="func" Desc=":   void" DeclFile="C:\Users\kasper\Desktop\MP3_Player\SRC\Display_control.c" DeclLine="174"/>
 <variable Header="ButtonPlayBmp" Icon="2" Type="variable" Desc=":   unsigned int[1024]" DeclFile="C:\Users\kasper\Desktop\MP3_Player\SRC\Display_control.c" DeclLine="51" Pointer="No"/>
 <variable Header="ButtonEject" Icon="2" Type="variable" Desc=":   unsigned int[1024]" DeclFile="C:\Users\kasper\Desktop\MP3_Player\SRC\Display_control.c" DeclLine="55" Pointer="No"/>
 <variable Header="ButtonStopBmp" Icon="2" Type="variable" Desc=":   unsigned int[1024]" DeclFile="C:\Users\kasper\Desktop\MP3_Player\SRC\Display_control.c" DeclLine="59" Pointer="No"/>
 <variable Header="ButtonOffBmp" Icon="2" Type="variable" Desc=":   unsigned int[1024]" DeclFile="C:\Users\kasper\Desktop\MP3_Player\SRC\Display_control.c" DeclLine="63" Pointer="No"/>
 <variable Header="flying_text" Icon="2" Type="variable" Desc=":   struct [1]" DeclFile="C:\Users\kasper\Desktop\MP3_Player\SRC\Display_control.c" DeclLine="23" Pointer="No"/>
 <variable Header="Last_button_state" Icon="2" Type="variable" Desc=":   unsigned char" DeclFile="C:\Users\kasper\Desktop\MP3_Player\SRC\Display_control.c" DeclLine="27" Pointer="No"/>
 <variable Header="ButInfo" Icon="2" Type="variable" Desc=":   struct [4]" DeclFile="C:\Users\kasper\Desktop\MP3_Player\SRC\Display_control.c" DeclLine="68" Pointer="No"/>
 <type Header="MPEGVersion" Icon="1" Type="type" Desc=": unsigned char" DeclFile="C:\Users\kasper\Desktop\MP3_Player\SRC\pub\mp3dec.h" DeclLine="92" Pointer="No"/>
 <type Header="HMP3Decoder" Icon="1" Type="type" Desc=":  " DeclFile="C:\Users\kasper\Desktop\MP3_Player\SRC\pub\mp3dec.h" DeclLine="94" Pointer="No"/>
 <type Header="MP3FrameInfo" Icon="1" Type="type" Desc=": struct _MP3FrameInfo" DeclFile="C:\Users\kasper\Desktop\MP3_Player\SRC\pub\mp3dec.h" DeclLine="122" Pointer="No"/>
 <type Header="MP3DecInfo" Icon="1" Type="type" Desc=": struct _MP3DecInfo" DeclFile="C:\Users\kasper\Desktop\MP3_Player\SRC\pub\mp3common.h" DeclLine="95" Pointer="No"/>
 <func Header="MP3FindSyncWord" Icon="3" Type="func" Desc=":   long" DeclFile="C:\Users\kasper\Desktop\MP3_Player\SRC\mp3dec.c" DeclLine="0"/>
 <func Header="MP3GetLastFrameInfo" Icon="3" Type="func" Desc=":   void" DeclFile="C:\Users\kasper\Desktop\MP3_Player\SRC\mp3dec.c" DeclLine="185"/>
 <type Header="HMP3Decoder" Icon="1" Type="type" Desc=":  " DeclFile="C:\Users\kasper\Desktop\MP3_Player\SRC\pub\mp3dec.h" DeclLine="94" Pointer="No"/>
 <func Header="MP3GetNextFrameInfo" Icon="3" Type="func" Desc=":   long" DeclFile="C:\Users\kasper\Desktop\MP3_Player\SRC\mp3dec.c" DeclLine="222"/>
 <type Header="HMP3Decoder" Icon="1" Type="type" Desc=":  " DeclFile="C:\Users\kasper\Desktop\MP3_Player\SRC\pub\mp3dec.h" DeclLine="94" Pointer="No"/>
 <func Header="MP3Decode" Icon="3" Type="func" Desc=":   long" DeclFile="C:\Users\kasper\Desktop\MP3_Player\SRC\mp3dec.c" DeclLine="281"/>
 <type Header="HMP3Decoder" Icon="1" Type="type" Desc=":  " DeclFile="C:\Users\kasper\Desktop\MP3_Player\SRC\pub\mp3dec.h" DeclLine="94" Pointer="No"/>
 <func Header="MP3FreeDecoder" Icon="3" Type="func" Desc=":   void" DeclFile="C:\Users\kasper\Desktop\MP3_Player\SRC\mp3dec.c" DeclLine="82"/>
 <type Header="HMP3Decoder" Icon="1" Type="type" Desc=":  " DeclFile="C:\Users\kasper\Desktop\MP3_Player\SRC\pub\mp3dec.h" DeclLine="94" Pointer="No"/>
 <type Header="HMP3Decoder" Icon="1" Type="type" Desc=":  " DeclFile="C:\Users\kasper\Desktop\MP3_Player\SRC\pub\mp3dec.h" DeclLine="94" Pointer="No"/>
 <func Header="MP3InitDecoder" Icon="3" Type="func" Desc=":   void" DeclFile="C:\Users\kasper\Desktop\MP3_Player\SRC\mp3dec.c" DeclLine="61"/>
 <type Header="SFBandTable" Icon="1" Type="type" Desc=": struct _SFBandTable" DeclFile="C:\Users\kasper\Desktop\MP3_Player\SRC\pub\mp3common.h" DeclLine="100" Pointer="No"/>
 <variable Header="xmp3_samplerateTab" Icon="2" Type="variable" Desc=":   long[3][3]" DeclFile="C:\Users\kasper\Desktop\MP3_Player\SRC\mp3tabs.c" DeclLine="49" Pointer="No"/>
 <variable Header="xmp3_bitrateTab" Icon="2" Type="variable" Desc=":   int[15][3][3]" DeclFile="C:\Users\kasper\Desktop\MP3_Player\SRC\mp3tabs.c" DeclLine="60" Pointer="No"/>
 <variable Header="xmp3_samplesPerFrameTab" Icon="2" Type="variable" Desc=":   int[3][3]" DeclFile="C:\Users\kasper\Desktop\MP3_Player\SRC\mp3tabs.c" DeclLine="84" Pointer="No"/>
 <variable Header="xmp3_bitsPerSlotTab" Icon="2" Type="variable" Desc=":   int[3]" DeclFile="C:\Users\kasper\Desktop\MP3_Player\SRC\mp3tabs.c" DeclLine="91" Pointer="No"/>
 <variable Header="xmp3_sideBytesTab" Icon="2" Type="variable" Desc=":   int[2][3]" DeclFile="C:\Users\kasper\Desktop\MP3_Player\SRC\mp3tabs.c" DeclLine="96" Pointer="No"/>
 <variable Header="xmp3_slotTab" Icon="2" Type="variable" Desc=":   int[15][3][3]" DeclFile="C:\Users\kasper\Desktop\MP3_Player\SRC\mp3tabs.c" DeclLine="106" Pointer="No"/>
 <variable Header="xmp3_sfBandTable" Icon="2" Type="variable" Desc=":   struct _SFBandTable[3][3]" DeclFile="C:\Users\kasper\Desktop\MP3_Player\SRC\mp3tabs.c" DeclLine="131" Pointer="No"/>
 <type Header="MPEGVersion" Icon="1" Type="type" Desc=": unsigned char" DeclFile="C:\Users\kasper\Desktop\MP3_Player\SRC\pub\mp3dec.h" DeclLine="92" Pointer="No"/>
 <type Header="MP3DecInfo" Icon="1" Type="type" Desc=": struct _MP3DecInfo" DeclFile="C:\Users\kasper\Desktop\MP3_Player\SRC\pub\mp3common.h" DeclLine="95" Pointer="No"/>
 <type Header="SFBandTable" Icon="1" Type="type" Desc=": struct _SFBandTable" DeclFile="C:\Users\kasper\Desktop\MP3_Player\SRC\pub\mp3common.h" DeclLine="100" Pointer="No"/>
 <type Header="StereoMode" Icon="1" Type="type" Desc=": unsigned char" DeclFile="C:\Users\kasper\Desktop\MP3_Player\SRC\real\coder.h" DeclLine="126" Pointer="No"/>
 <type Header="BitStreamInfo" Icon="1" Type="type" Desc=": struct _BitStreamInfo" DeclFile="C:\Users\kasper\Desktop\MP3_Player\SRC\real\coder.h" DeclLine="133" Pointer="No"/>
 <type Header="FrameHeader" Icon="1" Type="type" Desc=": struct _FrameHeader" DeclFile="C:\Users\kasper\Desktop\MP3_Player\SRC\real\coder.h" DeclLine="151" Pointer="No"/>
 <type Header="SideInfoSub" Icon="1" Type="type" Desc=": struct _SideInfoSub" DeclFile="C:\Users\kasper\Desktop\MP3_Player\SRC\real\coder.h" DeclLine="168" Pointer="No"/>
 <type Header="SideInfo" Icon="1" Type="type" Desc=": struct _SideInfo" DeclFile="C:\Users\kasper\Desktop\MP3_Player\SRC\real\coder.h" DeclLine="176" Pointer="No"/>
 <func Header="xmp3_SetBitstreamPointer" Icon="3" Type="func" Desc=":   void" DeclFile="C:\Users\kasper\Desktop\MP3_Player\SRC\real\bitstream.c" DeclLine="0"/>
 <func Header="xmp3_GetBits" Icon="3" Type="func" Desc=":   unsigned long" DeclFile="C:\Users\kasper\Desktop\MP3_Player\SRC\real\bitstream.c" DeclLine="0"/>
 <func Header="xmp3_CalcBitsUsed" Icon="3" Type="func" Desc=":   long" DeclFile="C:\Users\kasper\Desktop\MP3_Player\SRC\real\bitstream.c" DeclLine="166"/>
 <func Header="xmp3_CheckPadBit" Icon="3" Type="func" Desc=":   long" DeclFile="C:\Users\kasper\Desktop\MP3_Player\SRC\real\bitstream.c" DeclLine="189"/>
 <func Header="xmp3_UnpackFrameHeader" Icon="3" Type="func" Desc=":   long" DeclFile="C:\Users\kasper\Desktop\MP3_Player\SRC\real\bitstream.c" DeclLine="219"/>
 <func Header="xmp3_UnpackSideInfo" Icon="3" Type="func" Desc=":   long" DeclFile="C:\Users\kasper\Desktop\MP3_Player\SRC\real\bitstream.c" DeclLine="300"/>
 <type Header="MPEGVersion" Icon="1" Type="type" Desc=": unsigned char" DeclFile="C:\Users\kasper\Desktop\MP3_Player\SRC\pub\mp3dec.h" DeclLine="92" Pointer="No"/>
 <type Header="MP3DecInfo" Icon="1" Type="type" Desc=": struct _MP3DecInfo" DeclFile="C:\Users\kasper\Desktop\MP3_Player\SRC\pub\mp3common.h" DeclLine="95" Pointer="No"/>
 <type Header="SFBandTable" Icon="1" Type="type" Desc=": struct _SFBandTable" DeclFile="C:\Users\kasper\Desktop\MP3_Player\SRC\pub\mp3common.h" DeclLine="100" Pointer="No"/>
 <type Header="StereoMode" Icon="1" Type="type" Desc=": unsigned char" DeclFile="C:\Users\kasper\Desktop\MP3_Player\SRC\real\coder.h" DeclLine="126" Pointer="No"/>
 <type Header="FrameHeader" Icon="1" Type="type" Desc=": struct _FrameHeader" DeclFile="C:\Users\kasper\Desktop\MP3_Player\SRC\real\coder.h" DeclLine="151" Pointer="No"/>
 <type Header="SideInfoSub" Icon="1" Type="type" Desc=": struct _SideInfoSub" DeclFile="C:\Users\kasper\Desktop\MP3_Player\SRC\real\coder.h" DeclLine="168" Pointer="No"/>
 <type Header="SideInfo" Icon="1" Type="type" Desc=": struct _SideInfo" DeclFile="C:\Users\kasper\Desktop\MP3_Player\SRC\real\coder.h" DeclLine="176" Pointer="No"/>
 <type Header="CriticalBandInfo" Icon="1" Type="type" Desc=": struct " DeclFile="C:\Users\kasper\Desktop\MP3_Player\SRC\real\coder.h" DeclLine="183" Pointer="No"/>
 <type Header="DequantInfo" Icon="1" Type="type" Desc=": struct _DequantInfo" DeclFile="C:\Users\kasper\Desktop\MP3_Player\SRC\real\coder.h" DeclLine="188" Pointer="No"/>
 <type Header="HuffmanInfo" Icon="1" Type="type" Desc=": struct _HuffmanInfo" DeclFile="C:\Users\kasper\Desktop\MP3_Player\SRC\real\coder.h" DeclLine="194" Pointer="No"/>
 <type Header="IMDCTInfo" Icon="1" Type="type" Desc=": struct _IMDCTInfo" DeclFile="C:\Users\kasper\Desktop\MP3_Player\SRC\real\coder.h" DeclLine="218" Pointer="No"/>
 <type Header="ScaleFactorInfoSub" Icon="1" Type="type" Desc=": struct _ScaleFactorInfoSub" DeclFile="C:\Users\kasper\Desktop\MP3_Player\SRC\real\coder.h" DeclLine="235" Pointer="No"/>
 <type Header="ScaleFactorJS" Icon="1" Type="type" Desc=": struct _ScaleFactorJS" DeclFile="C:\Users\kasper\Desktop\MP3_Player\SRC\real\coder.h" DeclLine="242" Pointer="No"/>
 <type Header="ScaleFactorInfo" Icon="1" Type="type" Desc=": struct _ScaleFactorInfo" DeclFile="C:\Users\kasper\Desktop\MP3_Player\SRC\real\coder.h" DeclLine="247" Pointer="No"/>
 <type Header="SubbandInfo" Icon="1" Type="type" Desc=": struct _SubbandInfo" DeclFile="C:\Users\kasper\Desktop\MP3_Player\SRC\real\coder.h" DeclLine="256" Pointer="No"/>
 <func Header="ClearBuffer" Icon="3" Type="func" Desc=":   void" DeclFile="C:\Users\kasper\Desktop\MP3_Player\SRC\real\buffers.c" DeclLine="0"/>
 <func Header="xmp3_AllocateBuffers" Icon="3" Type="func" Desc=":   struct _MP3DecInfo CODE*" DeclFile="C:\Users\kasper\Desktop\MP3_Player\SRC\real\buffers.c" DeclLine="111"/>
 <func Header="xmp3_FreeBuffers" Icon="3" Type="func" Desc=":   void" DeclFile="C:\Users\kasper\Desktop\MP3_Player\SRC\real\buffers.c" DeclLine="204"/>
 <variable Header="mp3DecInfo" Icon="2" Type="variable" Desc=":   struct _MP3DecInfo" DeclFile="C:\Users\kasper\Desktop\MP3_Player\SRC\real\buffers.c" DeclLine="55" Pointer="No"/>
 <variable Header="sbi" Icon="2" Type="variable" Desc=":   struct _SubbandInfo" DeclFile="C:\Users\kasper\Desktop\MP3_Player\SRC\real\buffers.c" DeclLine="56" Pointer="No"/>
 <variable Header="mi" Icon="2" Type="variable" Desc=":   struct _IMDCTInfo" DeclFile="C:\Users\kasper\Desktop\MP3_Player\SRC\real\buffers.c" DeclLine="57" Pointer="No"/>
 <variable Header="hi" Icon="2" Type="variable" Desc=":   struct _HuffmanInfo" DeclFile="C:\Users\kasper\Desktop\MP3_Player\SRC\real\buffers.c" DeclLine="58" Pointer="No"/>
 <variable Header="di" Icon="2" Type="variable" Desc=":   struct _DequantInfo" DeclFile="C:\Users\kasper\Desktop\MP3_Player\SRC\real\buffers.c" DeclLine="59" Pointer="No"/>
 <variable Header="sfi" Icon="2" Type="variable" Desc=":   struct _ScaleFactorInfo" DeclFile="C:\Users\kasper\Desktop\MP3_Player\SRC\real\buffers.c" DeclLine="60" Pointer="No"/>
 <variable Header="si" Icon="2" Type="variable" Desc=":   struct _SideInfo" DeclFile="C:\Users\kasper\Desktop\MP3_Player\SRC\real\buffers.c" DeclLine="61" Pointer="No"/>
 <variable Header="fh" Icon="2" Type="variable" Desc=":   struct _FrameHeader" DeclFile="C:\Users\kasper\Desktop\MP3_Player\SRC\real\buffers.c" DeclLine="62" Pointer="No"/>
 <func Header="xmp3_FDCT32" Icon="3" Type="func" Desc=":   void" DeclFile="C:\Users\kasper\Desktop\MP3_Player\SRC\real\dct32.c" DeclLine="143"/>
 <type Header="MPEGVersion" Icon="1" Type="type" Desc=": unsigned char" DeclFile="C:\Users\kasper\Desktop\MP3_Player\SRC\pub\mp3dec.h" DeclLine="92" Pointer="No"/>
 <type Header="MP3DecInfo" Icon="1" Type="type" Desc=": struct _MP3DecInfo" DeclFile="C:\Users\kasper\Desktop\MP3_Player\SRC\pub\mp3common.h" DeclLine="95" Pointer="No"/>
 <type Header="SFBandTable" Icon="1" Type="type" Desc=": struct _SFBandTable" DeclFile="C:\Users\kasper\Desktop\MP3_Player\SRC\pub\mp3common.h" DeclLine="100" Pointer="No"/>
 <type Header="StereoMode" Icon="1" Type="type" Desc=": unsigned char" DeclFile="C:\Users\kasper\Desktop\MP3_Player\SRC\real\coder.h" DeclLine="126" Pointer="No"/>
 <type Header="FrameHeader" Icon="1" Type="type" Desc=": struct _FrameHeader" DeclFile="C:\Users\kasper\Desktop\MP3_Player\SRC\real\coder.h" DeclLine="151" Pointer="No"/>
 <type Header="SideInfoSub" Icon="1" Type="type" Desc=": struct _SideInfoSub" DeclFile="C:\Users\kasper\Desktop\MP3_Player\SRC\real\coder.h" DeclLine="168" Pointer="No"/>
 <type Header="SideInfo" Icon="1" Type="type" Desc=": struct _SideInfo" DeclFile="C:\Users\kasper\Desktop\MP3_Player\SRC\real\coder.h" DeclLine="176" Pointer="No"/>
 <type Header="CriticalBandInfo" Icon="1" Type="type" Desc=": struct " DeclFile="C:\Users\kasper\Desktop\MP3_Player\SRC\real\coder.h" DeclLine="183" Pointer="No"/>
 <type Header="DequantInfo" Icon="1" Type="type" Desc=": struct _DequantInfo" DeclFile="C:\Users\kasper\Desktop\MP3_Player\SRC\real\coder.h" DeclLine="188" Pointer="No"/>
 <type Header="HuffmanInfo" Icon="1" Type="type" Desc=": struct _HuffmanInfo" DeclFile="C:\Users\kasper\Desktop\MP3_Player\SRC\real\coder.h" DeclLine="194" Pointer="No"/>
 <type Header="ScaleFactorInfoSub" Icon="1" Type="type" Desc=": struct _ScaleFactorInfoSub" DeclFile="C:\Users\kasper\Desktop\MP3_Player\SRC\real\coder.h" DeclLine="235" Pointer="No"/>
 <type Header="ScaleFactorJS" Icon="1" Type="type" Desc=": struct _ScaleFactorJS" DeclFile="C:\Users\kasper\Desktop\MP3_Player\SRC\real\coder.h" DeclLine="242" Pointer="No"/>
 <type Header="ScaleFactorInfo" Icon="1" Type="type" Desc=": struct _ScaleFactorInfo" DeclFile="C:\Users\kasper\Desktop\MP3_Player\SRC\real\coder.h" DeclLine="247" Pointer="No"/>
 <func Header="xmp3_Dequantize" Icon="3" Type="func" Desc=":   long" DeclFile="C:\Users\kasper\Desktop\MP3_Player\SRC\real\dequant.c" DeclLine="74"/>
 <type Header="MPEGVersion" Icon="1" Type="type" Desc=": unsigned char" DeclFile="C:\Users\kasper\Desktop\MP3_Player\SRC\pub\mp3dec.h" DeclLine="92" Pointer="No"/>
 <type Header="SFBandTable" Icon="1" Type="type" Desc=": struct _SFBandTable" DeclFile="C:\Users\kasper\Desktop\MP3_Player\SRC\pub\mp3common.h" DeclLine="100" Pointer="No"/>
 <type Header="StereoMode" Icon="1" Type="type" Desc=": unsigned char" DeclFile="C:\Users\kasper\Desktop\MP3_Player\SRC\real\coder.h" DeclLine="126" Pointer="No"/>
 <type Header="FrameHeader" Icon="1" Type="type" Desc=": struct _FrameHeader" DeclFile="C:\Users\kasper\Desktop\MP3_Player\SRC\real\coder.h" DeclLine="151" Pointer="No"/>
 <type Header="SideInfoSub" Icon="1" Type="type" Desc=": struct _SideInfoSub" DeclFile="C:\Users\kasper\Desktop\MP3_Player\SRC\real\coder.h" DeclLine="168" Pointer="No"/>
 <type Header="CriticalBandInfo" Icon="1" Type="type" Desc=": struct " DeclFile="C:\Users\kasper\Desktop\MP3_Player\SRC\real\coder.h" DeclLine="183" Pointer="No"/>
 <type Header="ScaleFactorInfoSub" Icon="1" Type="type" Desc=": struct _ScaleFactorInfoSub" DeclFile="C:\Users\kasper\Desktop\MP3_Player\SRC\real\coder.h" DeclLine="235" Pointer="No"/>
 <type Header="ARRAY3" Icon="1" Type="type" Desc=": long[3]" DeclFile="C:\Users\kasper\Desktop\MP3_Player\SRC\real\dqchan.c" DeclLine="47" Pointer="No"/>
 <func Header="DequantBlock" Icon="3" Type="func" Desc=":   long" DeclFile="C:\Users\kasper\Desktop\MP3_Player\SRC\real\dqchan.c" DeclLine="133"/>
 <func Header="xmp3_DequantChannel" Icon="3" Type="func" Desc=":   long" DeclFile="C:\Users\kasper\Desktop\MP3_Player\SRC\real\dqchan.c" DeclLine="246"/>
 <variable Header="preTab" Icon="2" Type="variable" Desc=":   unsigned char[22]" DeclFile="C:\Users\kasper\Desktop\MP3_Player\SRC\real\dqchan.c" DeclLine="50" Pointer="No"/>
 <variable Header="pow14" Icon="2" Type="variable" Desc=":   long[4]" DeclFile="C:\Users\kasper\Desktop\MP3_Player\SRC\real\dqchan.c" DeclLine="53" Pointer="No"/>
 <variable Header="pow43_14" Icon="2" Type="variable" Desc=":   long[16][4]" DeclFile="C:\Users\kasper\Desktop\MP3_Player\SRC\real\dqchan.c" DeclLine="58" Pointer="No"/>
 <variable Header="pow43" Icon="2" Type="variable" Desc=":   long[48]" DeclFile="C:\Users\kasper\Desktop\MP3_Player\SRC\real\dqchan.c" DeclLine="81" Pointer="No"/>
 <variable Header="poly43lo" Icon="2" Type="variable" Desc=":   long[5]" DeclFile="C:\Users\kasper\Desktop\MP3_Player\SRC\real\dqchan.c" DeclLine="107" Pointer="No"/>
 <variable Header="poly43hi" Icon="2" Type="variable" Desc=":   long[5]" DeclFile="C:\Users\kasper\Desktop\MP3_Player\SRC\real\dqchan.c" DeclLine="108" Pointer="No"/>
 <variable Header="pow2exp" Icon="2" Type="variable" Desc=":   long[8]" DeclFile="C:\Users\kasper\Desktop\MP3_Player\SRC\real\dqchan.c" DeclLine="111" Pointer="No"/>
 <variable Header="pow2frac" Icon="2" Type="variable" Desc=":   long[8]" DeclFile="C:\Users\kasper\Desktop\MP3_Player\SRC\real\dqchan.c" DeclLine="113" Pointer="No"/>
 <type Header="MPEGVersion" Icon="1" Type="type" Desc=": unsigned char" DeclFile="C:\Users\kasper\Desktop\MP3_Player\SRC\pub\mp3dec.h" DeclLine="92" Pointer="No"/>
 <type Header="MP3DecInfo" Icon="1" Type="type" Desc=": struct _MP3DecInfo" DeclFile="C:\Users\kasper\Desktop\MP3_Player\SRC\pub\mp3common.h" DeclLine="95" Pointer="No"/>
 <type Header="SFBandTable" Icon="1" Type="type" Desc=": struct _SFBandTable" DeclFile="C:\Users\kasper\Desktop\MP3_Player\SRC\pub\mp3common.h" DeclLine="100" Pointer="No"/>
 <type Header="StereoMode" Icon="1" Type="type" Desc=": unsigned char" DeclFile="C:\Users\kasper\Desktop\MP3_Player\SRC\real\coder.h" DeclLine="126" Pointer="No"/>
 <type Header="FrameHeader" Icon="1" Type="type" Desc=": struct _FrameHeader" DeclFile="C:\Users\kasper\Desktop\MP3_Player\SRC\real\coder.h" DeclLine="151" Pointer="No"/>
 <type Header="SideInfoSub" Icon="1" Type="type" Desc=": struct _SideInfoSub" DeclFile="C:\Users\kasper\Desktop\MP3_Player\SRC\real\coder.h" DeclLine="168" Pointer="No"/>
 <type Header="SideInfo" Icon="1" Type="type" Desc=": struct _SideInfo" DeclFile="C:\Users\kasper\Desktop\MP3_Player\SRC\real\coder.h" DeclLine="176" Pointer="No"/>
 <type Header="HuffmanInfo" Icon="1" Type="type" Desc=": struct _HuffmanInfo" DeclFile="C:\Users\kasper\Desktop\MP3_Player\SRC\real\coder.h" DeclLine="194" Pointer="No"/>
 <type Header="HuffTabType" Icon="1" Type="type" Desc=": unsigned char" DeclFile="C:\Users\kasper\Desktop\MP3_Player\SRC\real\coder.h" DeclLine="204" Pointer="No"/>
 <type Header="HuffTabLookup" Icon="1" Type="type" Desc=": struct _HuffTabLookup" DeclFile="C:\Users\kasper\Desktop\MP3_Player\SRC\real\coder.h" DeclLine="209" Pointer="No"/>
 <type Header="ScaleFactorInfoSub" Icon="1" Type="type" Desc=": struct _ScaleFactorInfoSub" DeclFile="C:\Users\kasper\Desktop\MP3_Player\SRC\real\coder.h" DeclLine="235" Pointer="No"/>
 <type Header="ScaleFactorJS" Icon="1" Type="type" Desc=": struct _ScaleFactorJS" DeclFile="C:\Users\kasper\Desktop\MP3_Player\SRC\real\coder.h" DeclLine="242" Pointer="No"/>
 <type Header="ScaleFactorInfo" Icon="1" Type="type" Desc=": struct _ScaleFactorInfo" DeclFile="C:\Users\kasper\Desktop\MP3_Player\SRC\real\coder.h" DeclLine="247" Pointer="No"/>
 <func Header="xmp3_DecodeHuffman" Icon="3" Type="func" Desc=":   long" DeclFile="C:\Users\kasper\Desktop\MP3_Player\SRC\real\huffman.c" DeclLine="378"/>
 <type Header="HuffTabType" Icon="1" Type="type" Desc=": unsigned char" DeclFile="C:\Users\kasper\Desktop\MP3_Player\SRC\real\coder.h" DeclLine="204" Pointer="No"/>
 <type Header="HuffTabLookup" Icon="1" Type="type" Desc=": struct _HuffTabLookup" DeclFile="C:\Users\kasper\Desktop\MP3_Player\SRC\real\coder.h" DeclLine="209" Pointer="No"/>
 <variable Header="xmp3_huffTabLookup" Icon="2" Type="variable" Desc=":   struct _HuffTabLookup[32]" DeclFile="C:\Users\kasper\Desktop\MP3_Player\SRC\real\hufftabs.c" DeclLine="699" Pointer="No"/>
 <variable Header="xmp3_huffTabOffset" Icon="2" Type="variable" Desc=":   long[32]" DeclFile="C:\Users\kasper\Desktop\MP3_Player\SRC\real\hufftabs.c" DeclLine="664" Pointer="No"/>
 <variable Header="xmp3_huffTable" Icon="2" Type="variable" Desc=":   unsigned int[4242]" DeclFile="C:\Users\kasper\Desktop\MP3_Player\SRC\real\hufftabs.c" DeclLine="77" Pointer="No"/>
 <variable Header="xmp3_quadTable" Icon="2" Type="variable" Desc=":   unsigned char[80]" DeclFile="C:\Users\kasper\Desktop\MP3_Player\SRC\real\hufftabs.c" DeclLine="739" Pointer="No"/>
 <variable Header="xmp3_quadTabOffset" Icon="2" Type="variable" Desc=":   long[2]" DeclFile="C:\Users\kasper\Desktop\MP3_Player\SRC\real\hufftabs.c" DeclLine="754" Pointer="No"/>
 <variable Header="xmp3_quadTabMaxBits" Icon="2" Type="variable" Desc=":   long[2]" DeclFile="C:\Users\kasper\Desktop\MP3_Player\SRC\real\hufftabs.c" DeclLine="755" Pointer="No"/>
 <type Header="MPEGVersion" Icon="1" Type="type" Desc=": unsigned char" DeclFile="C:\Users\kasper\Desktop\MP3_Player\SRC\pub\mp3dec.h" DeclLine="92" Pointer="No"/>
 <type Header="MP3DecInfo" Icon="1" Type="type" Desc=": struct _MP3DecInfo" DeclFile="C:\Users\kasper\Desktop\MP3_Player\SRC\pub\mp3common.h" DeclLine="95" Pointer="No"/>
 <type Header="SFBandTable" Icon="1" Type="type" Desc=": struct _SFBandTable" DeclFile="C:\Users\kasper\Desktop\MP3_Player\SRC\pub\mp3common.h" DeclLine="100" Pointer="No"/>
 <type Header="StereoMode" Icon="1" Type="type" Desc=": unsigned char" DeclFile="C:\Users\kasper\Desktop\MP3_Player\SRC\real\coder.h" DeclLine="126" Pointer="No"/>
 <type Header="FrameHeader" Icon="1" Type="type" Desc=": struct _FrameHeader" DeclFile="C:\Users\kasper\Desktop\MP3_Player\SRC\real\coder.h" DeclLine="151" Pointer="No"/>
 <type Header="SideInfoSub" Icon="1" Type="type" Desc=": struct _SideInfoSub" DeclFile="C:\Users\kasper\Desktop\MP3_Player\SRC\real\coder.h" DeclLine="168" Pointer="No"/>
 <type Header="SideInfo" Icon="1" Type="type" Desc=": struct _SideInfo" DeclFile="C:\Users\kasper\Desktop\MP3_Player\SRC\real\coder.h" DeclLine="176" Pointer="No"/>
 <type Header="HuffmanInfo" Icon="1" Type="type" Desc=": struct _HuffmanInfo" DeclFile="C:\Users\kasper\Desktop\MP3_Player\SRC\real\coder.h" DeclLine="194" Pointer="No"/>
 <type Header="IMDCTInfo" Icon="1" Type="type" Desc=": struct _IMDCTInfo" DeclFile="C:\Users\kasper\Desktop\MP3_Player\SRC\real\coder.h" DeclLine="218" Pointer="No"/>
 <type Header="BlockCount" Icon="1" Type="type" Desc=": struct _BlockCount" DeclFile="C:\Users\kasper\Desktop\MP3_Player\SRC\real\coder.h" DeclLine="229" Pointer="No"/>
 <func Header="WinPrevious" Icon="3" Type="func" Desc=":   void" DeclFile="C:\Users\kasper\Desktop\MP3_Player\SRC\real\imdct.c" DeclLine="133"/>
 <func Header="FreqInvertRescale" Icon="3" Type="func" Desc=":   long" DeclFile="C:\Users\kasper\Desktop\MP3_Player\SRC\real\imdct.c" DeclLine="186"/>
 <func Header="xmp3_IMDCT" Icon="3" Type="func" Desc=":   long" DeclFile="C:\Users\kasper\Desktop\MP3_Player\SRC\real\imdct.c" DeclLine="718"/>
 <type Header="MPEGVersion" Icon="1" Type="type" Desc=": unsigned char" DeclFile="C:\Users\kasper\Desktop\MP3_Player\SRC\pub\mp3dec.h" DeclLine="92" Pointer="No"/>
 <type Header="MP3DecInfo" Icon="1" Type="type" Desc=": struct _MP3DecInfo" DeclFile="C:\Users\kasper\Desktop\MP3_Player\SRC\pub\mp3common.h" DeclLine="95" Pointer="No"/>
 <type Header="SFBandTable" Icon="1" Type="type" Desc=": struct _SFBandTable" DeclFile="C:\Users\kasper\Desktop\MP3_Player\SRC\pub\mp3common.h" DeclLine="100" Pointer="No"/>
 <type Header="StereoMode" Icon="1" Type="type" Desc=": unsigned char" DeclFile="C:\Users\kasper\Desktop\MP3_Player\SRC\real\coder.h" DeclLine="126" Pointer="No"/>
 <type Header="BitStreamInfo" Icon="1" Type="type" Desc=": struct _BitStreamInfo" DeclFile="C:\Users\kasper\Desktop\MP3_Player\SRC\real\coder.h" DeclLine="133" Pointer="No"/>
 <type Header="FrameHeader" Icon="1" Type="type" Desc=": struct _FrameHeader" DeclFile="C:\Users\kasper\Desktop\MP3_Player\SRC\real\coder.h" DeclLine="151" Pointer="No"/>
 <type Header="SideInfoSub" Icon="1" Type="type" Desc=": struct _SideInfoSub" DeclFile="C:\Users\kasper\Desktop\MP3_Player\SRC\real\coder.h" DeclLine="168" Pointer="No"/>
 <type Header="SideInfo" Icon="1" Type="type" Desc=": struct _SideInfo" DeclFile="C:\Users\kasper\Desktop\MP3_Player\SRC\real\coder.h" DeclLine="176" Pointer="No"/>
 <type Header="ScaleFactorInfoSub" Icon="1" Type="type" Desc=": struct _ScaleFactorInfoSub" DeclFile="C:\Users\kasper\Desktop\MP3_Player\SRC\real\coder.h" DeclLine="235" Pointer="No"/>
 <type Header="ScaleFactorJS" Icon="1" Type="type" Desc=": struct _ScaleFactorJS" DeclFile="C:\Users\kasper\Desktop\MP3_Player\SRC\real\coder.h" DeclLine="242" Pointer="No"/>
 <type Header="ScaleFactorInfo" Icon="1" Type="type" Desc=": struct _ScaleFactorInfo" DeclFile="C:\Users\kasper\Desktop\MP3_Player\SRC\real\coder.h" DeclLine="247" Pointer="No"/>
 <func Header="xmp3_UnpackScaleFactors" Icon="3" Type="func" Desc=":   long" DeclFile="C:\Users\kasper\Desktop\MP3_Player\SRC\real\scalfact.c" DeclLine="356"/>
 <variable Header="SFLenTab" Icon="2" Type="variable" Desc=":   unsigned char[2][16]" DeclFile="C:\Users\kasper\Desktop\MP3_Player\SRC\real\scalfact.c" DeclLine="47" Pointer="No"/>
 <variable Header="NRTab" Icon="2" Type="variable" Desc=":   unsigned char[4][3][6]" DeclFile="C:\Users\kasper\Desktop\MP3_Player\SRC\real\scalfact.c" DeclLine="156" Pointer="No"/>
 <type Header="MPEGVersion" Icon="1" Type="type" Desc=": unsigned char" DeclFile="C:\Users\kasper\Desktop\MP3_Player\SRC\pub\mp3dec.h" DeclLine="92" Pointer="No"/>
 <type Header="SFBandTable" Icon="1" Type="type" Desc=": struct _SFBandTable" DeclFile="C:\Users\kasper\Desktop\MP3_Player\SRC\pub\mp3common.h" DeclLine="100" Pointer="No"/>
 <type Header="StereoMode" Icon="1" Type="type" Desc=": unsigned char" DeclFile="C:\Users\kasper\Desktop\MP3_Player\SRC\real\coder.h" DeclLine="126" Pointer="No"/>
 <type Header="FrameHeader" Icon="1" Type="type" Desc=": struct _FrameHeader" DeclFile="C:\Users\kasper\Desktop\MP3_Player\SRC\real\coder.h" DeclLine="151" Pointer="No"/>
 <type Header="CriticalBandInfo" Icon="1" Type="type" Desc=": struct " DeclFile="C:\Users\kasper\Desktop\MP3_Player\SRC\real\coder.h" DeclLine="183" Pointer="No"/>
 <type Header="ScaleFactorInfoSub" Icon="1" Type="type" Desc=": struct _ScaleFactorInfoSub" DeclFile="C:\Users\kasper\Desktop\MP3_Player\SRC\real\coder.h" DeclLine="235" Pointer="No"/>
 <type Header="ScaleFactorJS" Icon="1" Type="type" Desc=": struct _ScaleFactorJS" DeclFile="C:\Users\kasper\Desktop\MP3_Player\SRC\real\coder.h" DeclLine="242" Pointer="No"/>
 <func Header="xmp3_IntensityProcMPEG2" Icon="3" Type="func" Desc=":   void" DeclFile="C:\Users\kasper\Desktop\MP3_Player\SRC\real\stproc.c" DeclLine="214"/>
 <func Header="xmp3_IntensityProcMPEG1" Icon="3" Type="func" Desc=":   void" DeclFile="C:\Users\kasper\Desktop\MP3_Player\SRC\real\stproc.c" DeclLine="108"/>
 <func Header="xmp3_MidSideProc" Icon="3" Type="func" Desc=":   void" DeclFile="C:\Users\kasper\Desktop\MP3_Player\SRC\real\stproc.c" DeclLine="65"/>
 <type Header="MPEGVersion" Icon="1" Type="type" Desc=": unsigned char" DeclFile="C:\Users\kasper\Desktop\MP3_Player\SRC\pub\mp3dec.h" DeclLine="92" Pointer="No"/>
 <type Header="MP3DecInfo" Icon="1" Type="type" Desc=": struct _MP3DecInfo" DeclFile="C:\Users\kasper\Desktop\MP3_Player\SRC\pub\mp3common.h" DeclLine="95" Pointer="No"/>
 <type Header="HuffmanInfo" Icon="1" Type="type" Desc=": struct _HuffmanInfo" DeclFile="C:\Users\kasper\Desktop\MP3_Player\SRC\real\coder.h" DeclLine="194" Pointer="No"/>
 <type Header="IMDCTInfo" Icon="1" Type="type" Desc=": struct _IMDCTInfo" DeclFile="C:\Users\kasper\Desktop\MP3_Player\SRC\real\coder.h" DeclLine="218" Pointer="No"/>
 <type Header="SubbandInfo" Icon="1" Type="type" Desc=": struct _SubbandInfo" DeclFile="C:\Users\kasper\Desktop\MP3_Player\SRC\real\coder.h" DeclLine="256" Pointer="No"/>
 <func Header="xmp3_Subband" Icon="3" Type="func" Desc=":   long" DeclFile="C:\Users\kasper\Desktop\MP3_Player\SRC\real\subband.c" DeclLine="61"/>
 <variable Header="xmp3_imdctWin" Icon="2" Type="variable" Desc=":   long[36][4]" DeclFile="C:\Users\kasper\Desktop\MP3_Player\SRC\real\trigtabs.c" DeclLine="100" Pointer="No"/>
 <variable Header="xmp3_ISFMpeg1" Icon="2" Type="variable" Desc=":   long[7][2]" DeclFile="C:\Users\kasper\Desktop\MP3_Player\SRC\real\trigtabs.c" DeclLine="157" Pointer="No"/>
 <variable Header="xmp3_ISFMpeg2" Icon="2" Type="variable" Desc=":   long[16][2][2]" DeclFile="C:\Users\kasper\Desktop\MP3_Player\SRC\real\trigtabs.c" DeclLine="179" Pointer="No"/>
 <variable Header="xmp3_ISFIIP" Icon="2" Type="variable" Desc=":   long[2][2]" DeclFile="C:\Users\kasper\Desktop\MP3_Player\SRC\real\trigtabs.c" DeclLine="211" Pointer="No"/>
 <variable Header="xmp3_csa" Icon="2" Type="variable" Desc=":   long[2][8]" DeclFile="C:\Users\kasper\Desktop\MP3_Player\SRC\real\trigtabs.c" DeclLine="222" Pointer="No"/>
 <variable Header="xmp3_coef32" Icon="2" Type="variable" Desc=":   long[31]" DeclFile="C:\Users\kasper\Desktop\MP3_Player\SRC\real\trigtabs.c" DeclLine="245" Pointer="No"/>
 <variable Header="xmp3_polyCoef" Icon="2" Type="variable" Desc=":   long[264]" DeclFile="C:\Users\kasper\Desktop\MP3_Player\SRC\real\trigtabs.c" DeclLine="275" Pointer="No"/>
 <variable Header="xmp3_uniqueIDTab" Icon="2" Type="variable" Desc=":   unsigned char[8]" DeclFile="C:\Users\kasper\Desktop\MP3_Player\SRC\real\trigtabs.c" DeclLine="216" Pointer="No"/>
</aoffile>

