<!-- DWF2XML 2.00.01 - Raisonance Dwarf information extractor -->
<aoffile Header="MP3_Player" Path="C:\Users\kasper\Desktop\MP3_Player\SRC_3.10_ST_Lib\objdebug\MP3_Player.elf">
 <Def>
  <Col Header="DeclFile" Desc="File"/>
  <Col Header="Type" Desc="Type"/>
  <Col Header="Header" Desc="Name"/>
 </Def>
 <type Header="IRQn_Type" Icon="1" Type="type" Desc=": unsigned char" DeclFile="C:\Users\kasper\Desktop\MP3_Player\SRC_3.10_ST_Lib\stm32f10x.h" DeclLine="297" Pointer="No"/>
 <type Header="uint8_t" Icon="1" Type="type" Desc=": unsigned char" DeclFile="c:\program files\raisonance\ride\arm-gcc\arm-none-eabi\include\stdint.h" DeclLine="46" Pointer="No"/>
 <type Header="int16_t" Icon="1" Type="type" Desc=": int" DeclFile="c:\program files\raisonance\ride\arm-gcc\arm-none-eabi\include\stdint.h" DeclLine="57" Pointer="No"/>
 <type Header="uint16_t" Icon="1" Type="type" Desc=": unsigned int" DeclFile="c:\program files\raisonance\ride\arm-gcc\arm-none-eabi\include\stdint.h" DeclLine="58" Pointer="No"/>
 <type Header="uint32_t" Icon="1" Type="type" Desc=": unsigned long" DeclFile="c:\program files\raisonance\ride\arm-gcc\arm-none-eabi\include\stdint.h" DeclLine="84" Pointer="No"/>
 <type Header="s16" Icon="1" Type="type" Desc=": int" DeclFile="C:\Users\kasper\Desktop\MP3_Player\SRC_3.10_ST_Lib\stm32f10x.h" DeclLine="313" Pointer="No"/>
 <type Header="u32" Icon="1" Type="type" Desc=": unsigned long" DeclFile="C:\Users\kasper\Desktop\MP3_Player\SRC_3.10_ST_Lib\stm32f10x.h" DeclLine="328" Pointer="No"/>
 <type Header="u16" Icon="1" Type="type" Desc=": unsigned int" DeclFile="C:\Users\kasper\Desktop\MP3_Player\SRC_3.10_ST_Lib\stm32f10x.h" DeclLine="329" Pointer="No"/>
 <type Header="u8" Icon="1" Type="type" Desc=": unsigned char" DeclFile="C:\Users\kasper\Desktop\MP3_Player\SRC_3.10_ST_Lib\stm32f10x.h" DeclLine="330" Pointer="No"/>
 <type Header="FunctionalState" Icon="1" Type="type" Desc=": unsigned char" DeclFile="C:\Users\kasper\Desktop\MP3_Player\SRC_3.10_ST_Lib\stm32f10x.h" DeclLine="350" Pointer="No"/>
 <type Header="TIM_TimeBaseInitTypeDef" Icon="1" Type="type" Desc=": struct " DeclFile="C:\Users\kasper\Desktop\MP3_Player\SRC_3.10_ST_Lib\STM32F10x_Lib_V3.0.1\Libraries\STM32F10x_StdPeriph_Driver\inc\stm32f10x_tim.h" DeclLine="73" Pointer="No"/>
 <type Header="NVIC_InitTypeDef" Icon="1" Type="type" Desc=": struct " DeclFile="C:\Users\kasper\Desktop\MP3_Player\SRC_3.10_ST_Lib\STM32F10x_Lib_V3.0.1\Libraries\STM32F10x_StdPeriph_Driver\inc\misc.h" DeclLine="67" Pointer="No"/>
 <type Header="tflying_text" Icon="1" Type="type" Desc=": struct " DeclFile="C:\Users\kasper\Desktop\MP3_Player\SRC_3.10_ST_Lib\Display_control.h" DeclLine="74" Pointer="No"/>
 <type Header="tCircleFunc0" Icon="1" Type="type" Desc=": unsigned long CODE*" DeclFile="C:\Users\kasper\Desktop\MP3_Player\SRC_3.10_ST_Lib\circle_api.h" DeclLine="124" Pointer="Yes"/>
 <type Header="tHandler" Icon="1" Type="type" Desc=":  " DeclFile="C:\Users\kasper\Desktop\MP3_Player\SRC_3.10_ST_Lib\circle_api.h" DeclLine="176" Pointer="No"/>
 <type Header="AUDIO_Length_enum" Icon="1" Type="type" Desc=": unsigned char" DeclFile="C:\Users\kasper\Desktop\MP3_Player\SRC_3.10_ST_Lib\circle_api.h" DeclLine="913" Pointer="No"/>
 <type Header="AUDIO_Frequency_enum" Icon="1" Type="type" Desc=": unsigned char" DeclFile="C:\Users\kasper\Desktop\MP3_Player\SRC_3.10_ST_Lib\circle_api.h" DeclLine="914" Pointer="No"/>
 <type Header="AUDIO_PlaybackBuffer_Status" Icon="1" Type="type" Desc=": unsigned char" DeclFile="C:\Users\kasper\Desktop\MP3_Player\SRC_3.10_ST_Lib\circle_api.h" DeclLine="916" Pointer="No"/>
 <type Header="VOLINFO" Icon="1" Type="type" Desc=": struct _tagVOLINFO" DeclFile="C:\Users\kasper\Desktop\MP3_Player\SRC_3.10_ST_Lib\circle_api.h" DeclLine="1057" Pointer="No"/>
 <type Header="PVOLINFO" Icon="1" Type="type" Desc=": struct _tagVOLINFO CODE*" DeclFile="C:\Users\kasper\Desktop\MP3_Player\SRC_3.10_ST_Lib\circle_api.h" DeclLine="1057" Pointer="Yes"/>
 <type Header="FILEINFO" Icon="1" Type="type" Desc=": struct _tagFILEINFO" DeclFile="C:\Users\kasper\Desktop\MP3_Player\SRC_3.10_ST_Lib\circle_api.h" DeclLine="1129" Pointer="No"/>
 <type Header="MPEGVersion" Icon="1" Type="type" Desc=": unsigned char" DeclFile="C:\Users\kasper\Desktop\MP3_Player\SRC_3.10_ST_Lib\pub\mp3dec.h" DeclLine="92" Pointer="No"/>
 <type Header="HMP3Decoder" Icon="1" Type="type" Desc=":  " DeclFile="C:\Users\kasper\Desktop\MP3_Player\SRC_3.10_ST_Lib\pub\mp3dec.h" DeclLine="94" Pointer="No"/>
 <type Header="MP3FrameInfo" Icon="1" Type="type" Desc=": struct _MP3FrameInfo" DeclFile="C:\Users\kasper\Desktop\MP3_Player\SRC_3.10_ST_Lib\pub\mp3dec.h" DeclLine="122" Pointer="No"/>
 <type Header="Endianness" Icon="1" Type="type" Desc=": unsigned char" DeclFile="C:\Users\kasper\Desktop\MP3_Player\SRC_3.10_ST_Lib\Application.c" DeclLine="76" Pointer="No"/>
 <type Header="WAVE_FormatTypeDef" Icon="1" Type="type" Desc=": struct " DeclFile="C:\Users\kasper\Desktop\MP3_Player\SRC_3.10_ST_Lib\Application.c" DeclLine="88" Pointer="No"/>
 <type Header="ErrorCode" Icon="1" Type="type" Desc=": unsigned char" DeclFile="C:\Users\kasper\Desktop\MP3_Player\SRC_3.10_ST_Lib\Application.c" DeclLine="104" Pointer="No"/>
 <type Header="PLAYER_State" Icon="1" Type="type" Desc=": unsigned char" DeclFile="C:\Users\kasper\Desktop\MP3_Player\SRC_3.10_ST_Lib\Application.c" DeclLine="110" Pointer="No"/>
 <func Header="ReadUnit" Icon="3" Type="func" Desc=":   unsigned long" DeclFile="C:\Users\kasper\Desktop\MP3_Player\SRC_3.10_ST_Lib\Application.c" DeclLine="0"/>
 <func Header="FillBuffer" Icon="3" Type="func" Desc=":   void" DeclFile="C:\Users\kasper\Desktop\MP3_Player\SRC_3.10_ST_Lib\Application.c" DeclLine="726"/>
 <func Header="OpenAudioFile" Icon="3" Type="func" Desc=":   void" DeclFile="C:\Users\kasper\Desktop\MP3_Player\SRC_3.10_ST_Lib\Application.c" DeclLine="269"/>
 <func Header="Application_Ini" Icon="3" Type="func" Desc=":   unsigned char" DeclFile="C:\Users\kasper\Desktop\MP3_Player\SRC_3.10_ST_Lib\Application.c" DeclLine="205"/>
 <func Header="TIM5_irq" Icon="3" Type="func" Desc=":   void" DeclFile="C:\Users\kasper\Desktop\MP3_Player\SRC_3.10_ST_Lib\Application.c" DeclLine="189"/>
 <func Header="PlayAudioFile" Icon="3" Type="func" Desc=":   void" DeclFile="C:\Users\kasper\Desktop\MP3_Player\SRC_3.10_ST_Lib\Application.c" DeclLine="306"/>
 <func Header="Application_Handler" Icon="3" Type="func" Desc=":   unsigned char" DeclFile="C:\Users\kasper\Desktop\MP3_Player\SRC_3.10_ST_Lib\Application.c" DeclLine="434"/>
 <type Header="HMP3Decoder" Icon="1" Type="type" Desc=":  " DeclFile="C:\Users\kasper\Desktop\MP3_Player\SRC_3.10_ST_Lib\pub\mp3dec.h" DeclLine="94" Pointer="No"/>
 <variable Header="hMP3Decoder" Icon="2" Type="variable" Desc=":    " DeclFile="C:\Users\kasper\Desktop\MP3_Player\SRC_3.10_ST_Lib\Application.c" DeclLine="158" Pointer="No"/>
 <variable Header="fEOF" Icon="2" Type="variable" Desc=":   unsigned char" DeclFile="C:\Users\kasper\Desktop\MP3_Player\SRC_3.10_ST_Lib\Application.c" DeclLine="137" Pointer="No"/>
 <variable Header="HeaderTabIndex" Icon="2" Type="variable" Desc=":   unsigned char" DeclFile="C:\Users\kasper\Desktop\MP3_Player\SRC_3.10_ST_Lib\Application.c" DeclLine="138" Pointer="No"/>
 <variable Header="AudioFileHeader" Icon="2" Type="variable" Desc=":   unsigned char[44]" DeclFile="C:\Users\kasper\Desktop\MP3_Player\SRC_3.10_ST_Lib\Application.c" DeclLine="139" Pointer="No"/>
 <variable Header="i2saudiolength" Icon="2" Type="variable" Desc=":   unsigned char" DeclFile="C:\Users\kasper\Desktop\MP3_Player\SRC_3.10_ST_Lib\Application.c" DeclLine="140" Pointer="No"/>
 <variable Header="BufferStatus" Icon="2" Type="variable" Desc=":   unsigned char" DeclFile="C:\Users\kasper\Desktop\MP3_Player\SRC_3.10_ST_Lib\Application.c" DeclLine="141" Pointer="No"/>
 <variable Header="DataStartAddr" Icon="2" Type="variable" Desc=":   unsigned long" DeclFile="C:\Users\kasper\Desktop\MP3_Player\SRC_3.10_ST_Lib\Application.c" DeclLine="142" Pointer="No"/>
 <variable Header="Real_wav_samplerate" Icon="2" Type="variable" Desc=":   unsigned long" DeclFile="C:\Users\kasper\Desktop\MP3_Player\SRC_3.10_ST_Lib\Application.c" DeclLine="143" Pointer="No"/>
 <variable Header="State" Icon="2" Type="variable" Desc=":   unsigned char" DeclFile="C:\Users\kasper\Desktop\MP3_Player\SRC_3.10_ST_Lib\Application.c" DeclLine="144" Pointer="No"/>
 <variable Header="WAVE_Format" Icon="2" Type="variable" Desc=":   struct " DeclFile="C:\Users\kasper\Desktop\MP3_Player\SRC_3.10_ST_Lib\Application.c" DeclLine="145" Pointer="No"/>
 <variable Header="WaveFileStatus" Icon="2" Type="variable" Desc=":   unsigned char" DeclFile="C:\Users\kasper\Desktop\MP3_Player\SRC_3.10_ST_Lib\Application.c" DeclLine="146" Pointer="No"/>
 <variable Header="AudioBuffer" Icon="2" Type="variable" Desc=":   int[4608]" DeclFile="C:\Users\kasper\Desktop\MP3_Player\SRC_3.10_ST_Lib\Application.c" DeclLine="147" Pointer="No"/>
 <variable Header="file_info" Icon="2" Type="variable" Desc=":   struct _tagFILEINFO" DeclFile="C:\Users\kasper\Desktop\MP3_Player\SRC_3.10_ST_Lib\Application.c" DeclLine="148" Pointer="No"/>
 <variable Header="StartMBR" Icon="2" Type="variable" Desc=":   unsigned long" DeclFile="C:\Users\kasper\Desktop\MP3_Player\SRC_3.10_ST_Lib\Application.c" DeclLine="149" Pointer="No"/>
 <variable Header="volume_info" Icon="2" Type="variable" Desc=":   struct _tagVOLINFO" DeclFile="C:\Users\kasper\Desktop\MP3_Player\SRC_3.10_ST_Lib\Application.c" DeclLine="150" Pointer="No"/>
 <variable Header="mp3FrameInfo" Icon="2" Type="variable" Desc=":   struct _MP3FrameInfo" DeclFile="C:\Users\kasper\Desktop\MP3_Player\SRC_3.10_ST_Lib\Application.c" DeclLine="155" Pointer="No"/>
 <variable Header="Old_Pll" Icon="2" Type="variable" Desc=":   unsigned long" DeclFile="C:\Users\kasper\Desktop\MP3_Player\SRC_3.10_ST_Lib\Application.c" DeclLine="159" Pointer="No"/>
 <variable Header="bytesLeft" Icon="2" Type="variable" Desc=":   unsigned long" DeclFile="C:\Users\kasper\Desktop\MP3_Player\SRC_3.10_ST_Lib\Application.c" DeclLine="160" Pointer="No"/>
 <variable Header="outOfData" Icon="2" Type="variable" Desc=":   unsigned long" DeclFile="C:\Users\kasper\Desktop\MP3_Player\SRC_3.10_ST_Lib\Application.c" DeclLine="161" Pointer="No"/>
 <variable Header="readBuf" Icon="2" Type="variable" Desc=":   unsigned char[4000]" DeclFile="C:\Users\kasper\Desktop\MP3_Player\SRC_3.10_ST_Lib\Application.c" DeclLine="162" Pointer="No"/>
 <variable Header="readPtr" Icon="2" Type="variable" Desc=":   unsigned char CODE*" DeclFile="C:\Users\kasper\Desktop\MP3_Player\SRC_3.10_ST_Lib\Application.c" DeclLine="163" Pointer="Yes"/>
 <type Header="tHandler" Icon="1" Type="type" Desc=":  " DeclFile="C:\Users\kasper\Desktop\MP3_Player\SRC_3.10_ST_Lib\circle_api.h" DeclLine="176" Pointer="No"/>
 <variable Header="old_tim5_irq" Icon="2" Type="variable" Desc=":    " DeclFile="C:\Users\kasper\Desktop\MP3_Player\SRC_3.10_ST_Lib\Application.c" DeclLine="164" Pointer="No"/>
 <variable Header="Application_Name" Icon="2" Type="variable" Desc=":   signed char[9]" DeclFile="C:\Users\kasper\Desktop\MP3_Player\SRC_3.10_ST_Lib\Application.c" DeclLine="177" Pointer="No"/>
 <variable Header="CurrentPath" Icon="2" Type="variable" Desc=":   unsigned char[200]" DeclFile="C:\Users\kasper\Desktop\MP3_Player\SRC_3.10_ST_Lib\Application.c" DeclLine="179" Pointer="No"/>
 <type Header="uint8_t" Icon="1" Type="type" Desc=": unsigned char" DeclFile="c:\program files\raisonance\ride\arm-gcc\arm-none-eabi\include\stdint.h" DeclLine="46" Pointer="No"/>
 <type Header="uint16_t" Icon="1" Type="type" Desc=": unsigned int" DeclFile="c:\program files\raisonance\ride\arm-gcc\arm-none-eabi\include\stdint.h" DeclLine="58" Pointer="No"/>
 <type Header="uint32_t" Icon="1" Type="type" Desc=": unsigned long" DeclFile="c:\program files\raisonance\ride\arm-gcc\arm-none-eabi\include\stdint.h" DeclLine="84" Pointer="No"/>
 <type Header="u32" Icon="1" Type="type" Desc=": unsigned long" DeclFile="C:\Users\kasper\Desktop\MP3_Player\SRC_3.10_ST_Lib\stm32f10x.h" DeclLine="328" Pointer="No"/>
 <type Header="u16" Icon="1" Type="type" Desc=": unsigned int" DeclFile="C:\Users\kasper\Desktop\MP3_Player\SRC_3.10_ST_Lib\stm32f10x.h" DeclLine="329" Pointer="No"/>
 <type Header="u8" Icon="1" Type="type" Desc=": unsigned char" DeclFile="C:\Users\kasper\Desktop\MP3_Player\SRC_3.10_ST_Lib\stm32f10x.h" DeclLine="330" Pointer="No"/>
 <type Header="tCircleFunc0" Icon="1" Type="type" Desc=": unsigned long CODE*" DeclFile="C:\Users\kasper\Desktop\MP3_Player\SRC_3.10_ST_Lib\circle_api.h" DeclLine="124" Pointer="Yes"/>
 <type Header="PVOLINFO" Icon="1" Type="type" Desc=": struct _tagVOLINFO CODE*" DeclFile="C:\Users\kasper\Desktop\MP3_Player\SRC_3.10_ST_Lib\circle_api.h" DeclLine="1057" Pointer="Yes"/>
 <type Header="PFILEINFO" Icon="1" Type="type" Desc=": struct _tagFILEINFO CODE*" DeclFile="C:\Users\kasper\Desktop\MP3_Player\SRC_3.10_ST_Lib\circle_api.h" DeclLine="1129" Pointer="Yes"/>
 <type Header="tButInfo" Icon="1" Type="type" Desc=": struct " DeclFile="C:\Users\kasper\Desktop\MP3_Player\SRC_3.10_ST_Lib\Display_control.h" DeclLine="41" Pointer="No"/>
 <type Header="etouch_pressed" Icon="1" Type="type" Desc=": unsigned char" DeclFile="C:\Users\kasper\Desktop\MP3_Player\SRC_3.10_ST_Lib\Display_control.h" DeclLine="55" Pointer="No"/>
 <type Header="etouch_bt_state" Icon="1" Type="type" Desc=": unsigned char" DeclFile="C:\Users\kasper\Desktop\MP3_Player\SRC_3.10_ST_Lib\Display_control.h" DeclLine="62" Pointer="No"/>
 <type Header="tflying_text" Icon="1" Type="type" Desc=": struct " DeclFile="C:\Users\kasper\Desktop\MP3_Player\SRC_3.10_ST_Lib\Display_control.h" DeclLine="74" Pointer="No"/>
 <type Header="tID3V3" Icon="1" Type="type" Desc=": struct " DeclFile="C:\Users\kasper\Desktop\MP3_Player\SRC_3.10_ST_Lib\Display_control.h" DeclLine="87" Pointer="No"/>
 <func Header="Draw_Display" Icon="3" Type="func" Desc=":   void" DeclFile="C:\Users\kasper\Desktop\MP3_Player\SRC_3.10_ST_Lib\Display_control.c" DeclLine="103"/>
 <func Header="Get_Touch" Icon="3" Type="func" Desc=":   unsigned char" DeclFile="C:\Users\kasper\Desktop\MP3_Player\SRC_3.10_ST_Lib\Display_control.c" DeclLine="126"/>
 <func Header="flying_text_write" Icon="3" Type="func" Desc=":   void" DeclFile="C:\Users\kasper\Desktop\MP3_Player\SRC_3.10_ST_Lib\Display_control.c" DeclLine="249"/>
 <func Header="flying_text_clear" Icon="3" Type="func" Desc=":   void" DeclFile="C:\Users\kasper\Desktop\MP3_Player\SRC_3.10_ST_Lib\Display_control.c" DeclLine="293"/>
 <func Header="Read_ID3V1" Icon="3" Type="func" Desc=":   void" DeclFile="C:\Users\kasper\Desktop\MP3_Player\SRC_3.10_ST_Lib\Display_control.c" DeclLine="175"/>
 <variable Header="ButtonPlayBmp" Icon="2" Type="variable" Desc=":   unsigned int[1024]" DeclFile="C:\Users\kasper\Desktop\MP3_Player\SRC_3.10_ST_Lib\Display_control.c" DeclLine="52" Pointer="No"/>
 <variable Header="ButtonEject" Icon="2" Type="variable" Desc=":   unsigned int[1024]" DeclFile="C:\Users\kasper\Desktop\MP3_Player\SRC_3.10_ST_Lib\Display_control.c" DeclLine="56" Pointer="No"/>
 <variable Header="ButtonStopBmp" Icon="2" Type="variable" Desc=":   unsigned int[1024]" DeclFile="C:\Users\kasper\Desktop\MP3_Player\SRC_3.10_ST_Lib\Display_control.c" DeclLine="60" Pointer="No"/>
 <variable Header="ButtonOffBmp" Icon="2" Type="variable" Desc=":   unsigned int[1024]" DeclFile="C:\Users\kasper\Desktop\MP3_Player\SRC_3.10_ST_Lib\Display_control.c" DeclLine="64" Pointer="No"/>
 <variable Header="flying_text" Icon="2" Type="variable" Desc=":   struct [1]" DeclFile="C:\Users\kasper\Desktop\MP3_Player\SRC_3.10_ST_Lib\Display_control.c" DeclLine="24" Pointer="No"/>
 <variable Header="Last_button_state" Icon="2" Type="variable" Desc=":   unsigned char" DeclFile="C:\Users\kasper\Desktop\MP3_Player\SRC_3.10_ST_Lib\Display_control.c" DeclLine="28" Pointer="No"/>
 <variable Header="ButInfo" Icon="2" Type="variable" Desc=":   struct [4]" DeclFile="C:\Users\kasper\Desktop\MP3_Player\SRC_3.10_ST_Lib\Display_control.c" DeclLine="69" Pointer="No"/>
 <type Header="MPEGVersion" Icon="1" Type="type" Desc=": unsigned char" DeclFile="C:\Users\kasper\Desktop\MP3_Player\SRC_3.10_ST_Lib\pub\mp3dec.h" DeclLine="92" Pointer="No"/>
 <type Header="HMP3Decoder" Icon="1" Type="type" Desc=":  " DeclFile="C:\Users\kasper\Desktop\MP3_Player\SRC_3.10_ST_Lib\pub\mp3dec.h" DeclLine="94" Pointer="No"/>
 <type Header="MP3FrameInfo" Icon="1" Type="type" Desc=": struct _MP3FrameInfo" DeclFile="C:\Users\kasper\Desktop\MP3_Player\SRC_3.10_ST_Lib\pub\mp3dec.h" DeclLine="122" Pointer="No"/>
 <type Header="MP3DecInfo" Icon="1" Type="type" Desc=": struct _MP3DecInfo" DeclFile="C:\Users\kasper\Desktop\MP3_Player\SRC_3.10_ST_Lib\pub\mp3common.h" DeclLine="95" Pointer="No"/>
 <func Header="MP3FindSyncWord" Icon="3" Type="func" Desc=":   long" DeclFile="C:\Users\kasper\Desktop\MP3_Player\SRC_3.10_ST_Lib\mp3dec.c" DeclLine="0"/>
 <func Header="MP3GetLastFrameInfo" Icon="3" Type="func" Desc=":   void" DeclFile="C:\Users\kasper\Desktop\MP3_Player\SRC_3.10_ST_Lib\mp3dec.c" DeclLine="185"/>
 <type Header="HMP3Decoder" Icon="1" Type="type" Desc=":  " DeclFile="C:\Users\kasper\Desktop\MP3_Player\SRC_3.10_ST_Lib\pub\mp3dec.h" DeclLine="94" Pointer="No"/>
 <func Header="MP3GetNextFrameInfo" Icon="3" Type="func" Desc=":   long" DeclFile="C:\Users\kasper\Desktop\MP3_Player\SRC_3.10_ST_Lib\mp3dec.c" DeclLine="222"/>
 <type Header="HMP3Decoder" Icon="1" Type="type" Desc=":  " DeclFile="C:\Users\kasper\Desktop\MP3_Player\SRC_3.10_ST_Lib\pub\mp3dec.h" DeclLine="94" Pointer="No"/>
 <func Header="MP3Decode" Icon="3" Type="func" Desc=":   long" DeclFile="C:\Users\kasper\Desktop\MP3_Player\SRC_3.10_ST_Lib\mp3dec.c" DeclLine="281"/>
 <type Header="HMP3Decoder" Icon="1" Type="type" Desc=":  " DeclFile="C:\Users\kasper\Desktop\MP3_Player\SRC_3.10_ST_Lib\pub\mp3dec.h" DeclLine="94" Pointer="No"/>
 <func Header="MP3FreeDecoder" Icon="3" Type="func" Desc=":   void" DeclFile="C:\Users\kasper\Desktop\MP3_Player\SRC_3.10_ST_Lib\mp3dec.c" DeclLine="82"/>
 <type Header="HMP3Decoder" Icon="1" Type="type" Desc=":  " DeclFile="C:\Users\kasper\Desktop\MP3_Player\SRC_3.10_ST_Lib\pub\mp3dec.h" DeclLine="94" Pointer="No"/>
 <type Header="HMP3Decoder" Icon="1" Type="type" Desc=":  " DeclFile="C:\Users\kasper\Desktop\MP3_Player\SRC_3.10_ST_Lib\pub\mp3dec.h" DeclLine="94" Pointer="No"/>
 <func Header="MP3InitDecoder" Icon="3" Type="func" Desc=":   void" DeclFile="C:\Users\kasper\Desktop\MP3_Player\SRC_3.10_ST_Lib\mp3dec.c" DeclLine="61"/>
 <type Header="SFBandTable" Icon="1" Type="type" Desc=": struct _SFBandTable" DeclFile="C:\Users\kasper\Desktop\MP3_Player\SRC_3.10_ST_Lib\pub\mp3common.h" DeclLine="100" Pointer="No"/>
 <variable Header="xmp3_samplerateTab" Icon="2" Type="variable" Desc=":   long[3][3]" DeclFile="C:\Users\kasper\Desktop\MP3_Player\SRC_3.10_ST_Lib\mp3tabs.c" DeclLine="49" Pointer="No"/>
 <variable Header="xmp3_bitrateTab" Icon="2" Type="variable" Desc=":   int[15][3][3]" DeclFile="C:\Users\kasper\Desktop\MP3_Player\SRC_3.10_ST_Lib\mp3tabs.c" DeclLine="60" Pointer="No"/>
 <variable Header="xmp3_samplesPerFrameTab" Icon="2" Type="variable" Desc=":   int[3][3]" DeclFile="C:\Users\kasper\Desktop\MP3_Player\SRC_3.10_ST_Lib\mp3tabs.c" DeclLine="84" Pointer="No"/>
 <variable Header="xmp3_bitsPerSlotTab" Icon="2" Type="variable" Desc=":   int[3]" DeclFile="C:\Users\kasper\Desktop\MP3_Player\SRC_3.10_ST_Lib\mp3tabs.c" DeclLine="91" Pointer="No"/>
 <variable Header="xmp3_sideBytesTab" Icon="2" Type="variable" Desc=":   int[2][3]" DeclFile="C:\Users\kasper\Desktop\MP3_Player\SRC_3.10_ST_Lib\mp3tabs.c" DeclLine="96" Pointer="No"/>
 <variable Header="xmp3_slotTab" Icon="2" Type="variable" Desc=":   int[15][3][3]" DeclFile="C:\Users\kasper\Desktop\MP3_Player\SRC_3.10_ST_Lib\mp3tabs.c" DeclLine="106" Pointer="No"/>
 <variable Header="xmp3_sfBandTable" Icon="2" Type="variable" Desc=":   struct _SFBandTable[3][3]" DeclFile="C:\Users\kasper\Desktop\MP3_Player\SRC_3.10_ST_Lib\mp3tabs.c" DeclLine="131" Pointer="No"/>
 <type Header="MPEGVersion" Icon="1" Type="type" Desc=": unsigned char" DeclFile="C:\Users\kasper\Desktop\MP3_Player\SRC_3.10_ST_Lib\pub\mp3dec.h" DeclLine="92" Pointer="No"/>
 <type Header="MP3DecInfo" Icon="1" Type="type" Desc=": struct _MP3DecInfo" DeclFile="C:\Users\kasper\Desktop\MP3_Player\SRC_3.10_ST_Lib\pub\mp3common.h" DeclLine="95" Pointer="No"/>
 <type Header="SFBandTable" Icon="1" Type="type" Desc=": struct _SFBandTable" DeclFile="C:\Users\kasper\Desktop\MP3_Player\SRC_3.10_ST_Lib\pub\mp3common.h" DeclLine="100" Pointer="No"/>
 <type Header="StereoMode" Icon="1" Type="type" Desc=": unsigned char" DeclFile="C:\Users\kasper\Desktop\MP3_Player\SRC_3.10_ST_Lib\real\coder.h" DeclLine="126" Pointer="No"/>
 <type Header="BitStreamInfo" Icon="1" Type="type" Desc=": struct _BitStreamInfo" DeclFile="C:\Users\kasper\Desktop\MP3_Player\SRC_3.10_ST_Lib\real\coder.h" DeclLine="133" Pointer="No"/>
 <type Header="FrameHeader" Icon="1" Type="type" Desc=": struct _FrameHeader" DeclFile="C:\Users\kasper\Desktop\MP3_Player\SRC_3.10_ST_Lib\real\coder.h" DeclLine="151" Pointer="No"/>
 <type Header="SideInfoSub" Icon="1" Type="type" Desc=": struct _SideInfoSub" DeclFile="C:\Users\kasper\Desktop\MP3_Player\SRC_3.10_ST_Lib\real\coder.h" DeclLine="168" Pointer="No"/>
 <type Header="SideInfo" Icon="1" Type="type" Desc=": struct _SideInfo" DeclFile="C:\Users\kasper\Desktop\MP3_Player\SRC_3.10_ST_Lib\real\coder.h" DeclLine="176" Pointer="No"/>
 <func Header="xmp3_SetBitstreamPointer" Icon="3" Type="func" Desc=":   void" DeclFile="C:\Users\kasper\Desktop\MP3_Player\SRC_3.10_ST_Lib\real\bitstream.c" DeclLine="0"/>
 <func Header="xmp3_GetBits" Icon="3" Type="func" Desc=":   unsigned long" DeclFile="C:\Users\kasper\Desktop\MP3_Player\SRC_3.10_ST_Lib\real\bitstream.c" DeclLine="0"/>
 <func Header="xmp3_CalcBitsUsed" Icon="3" Type="func" Desc=":   long" DeclFile="C:\Users\kasper\Desktop\MP3_Player\SRC_3.10_ST_Lib\real\bitstream.c" DeclLine="166"/>
 <func Header="xmp3_CheckPadBit" Icon="3" Type="func" Desc=":   long" DeclFile="C:\Users\kasper\Desktop\MP3_Player\SRC_3.10_ST_Lib\real\bitstream.c" DeclLine="189"/>
 <func Header="xmp3_UnpackFrameHeader" Icon="3" Type="func" Desc=":   long" DeclFile="C:\Users\kasper\Desktop\MP3_Player\SRC_3.10_ST_Lib\real\bitstream.c" DeclLine="219"/>
 <func Header="xmp3_UnpackSideInfo" Icon="3" Type="func" Desc=":   long" DeclFile="C:\Users\kasper\Desktop\MP3_Player\SRC_3.10_ST_Lib\real\bitstream.c" DeclLine="300"/>
 <type Header="MPEGVersion" Icon="1" Type="type" Desc=": unsigned char" DeclFile="C:\Users\kasper\Desktop\MP3_Player\SRC_3.10_ST_Lib\pub\mp3dec.h" DeclLine="92" Pointer="No"/>
 <type Header="MP3DecInfo" Icon="1" Type="type" Desc=": struct _MP3DecInfo" DeclFile="C:\Users\kasper\Desktop\MP3_Player\SRC_3.10_ST_Lib\pub\mp3common.h" DeclLine="95" Pointer="No"/>
 <type Header="SFBandTable" Icon="1" Type="type" Desc=": struct _SFBandTable" DeclFile="C:\Users\kasper\Desktop\MP3_Player\SRC_3.10_ST_Lib\pub\mp3common.h" DeclLine="100" Pointer="No"/>
 <type Header="StereoMode" Icon="1" Type="type" Desc=": unsigned char" DeclFile="C:\Users\kasper\Desktop\MP3_Player\SRC_3.10_ST_Lib\real\coder.h" DeclLine="126" Pointer="No"/>
 <type Header="FrameHeader" Icon="1" Type="type" Desc=": struct _FrameHeader" DeclFile="C:\Users\kasper\Desktop\MP3_Player\SRC_3.10_ST_Lib\real\coder.h" DeclLine="151" Pointer="No"/>
 <type Header="SideInfoSub" Icon="1" Type="type" Desc=": struct _SideInfoSub" DeclFile="C:\Users\kasper\Desktop\MP3_Player\SRC_3.10_ST_Lib\real\coder.h" DeclLine="168" Pointer="No"/>
 <type Header="SideInfo" Icon="1" Type="type" Desc=": struct _SideInfo" DeclFile="C:\Users\kasper\Desktop\MP3_Player\SRC_3.10_ST_Lib\real\coder.h" DeclLine="176" Pointer="No"/>
 <type Header="CriticalBandInfo" Icon="1" Type="type" Desc=": struct " DeclFile="C:\Users\kasper\Desktop\MP3_Player\SRC_3.10_ST_Lib\real\coder.h" DeclLine="183" Pointer="No"/>
 <type Header="DequantInfo" Icon="1" Type="type" Desc=": struct _DequantInfo" DeclFile="C:\Users\kasper\Desktop\MP3_Player\SRC_3.10_ST_Lib\real\coder.h" DeclLine="188" Pointer="No"/>
 <type Header="HuffmanInfo" Icon="1" Type="type" Desc=": struct _HuffmanInfo" DeclFile="C:\Users\kasper\Desktop\MP3_Player\SRC_3.10_ST_Lib\real\coder.h" DeclLine="194" Pointer="No"/>
 <type Header="IMDCTInfo" Icon="1" Type="type" Desc=": struct _IMDCTInfo" DeclFile="C:\Users\kasper\Desktop\MP3_Player\SRC_3.10_ST_Lib\real\coder.h" DeclLine="218" Pointer="No"/>
 <type Header="ScaleFactorInfoSub" Icon="1" Type="type" Desc=": struct _ScaleFactorInfoSub" DeclFile="C:\Users\kasper\Desktop\MP3_Player\SRC_3.10_ST_Lib\real\coder.h" DeclLine="235" Pointer="No"/>
 <type Header="ScaleFactorJS" Icon="1" Type="type" Desc=": struct _ScaleFactorJS" DeclFile="C:\Users\kasper\Desktop\MP3_Player\SRC_3.10_ST_Lib\real\coder.h" DeclLine="242" Pointer="No"/>
 <type Header="ScaleFactorInfo" Icon="1" Type="type" Desc=": struct _ScaleFactorInfo" DeclFile="C:\Users\kasper\Desktop\MP3_Player\SRC_3.10_ST_Lib\real\coder.h" DeclLine="247" Pointer="No"/>
 <type Header="SubbandInfo" Icon="1" Type="type" Desc=": struct _SubbandInfo" DeclFile="C:\Users\kasper\Desktop\MP3_Player\SRC_3.10_ST_Lib\real\coder.h" DeclLine="256" Pointer="No"/>
 <func Header="ClearBuffer" Icon="3" Type="func" Desc=":   void" DeclFile="C:\Users\kasper\Desktop\MP3_Player\SRC_3.10_ST_Lib\real\buffers.c" DeclLine="0"/>
 <func Header="xmp3_AllocateBuffers" Icon="3" Type="func" Desc=":   struct _MP3DecInfo CODE*" DeclFile="C:\Users\kasper\Desktop\MP3_Player\SRC_3.10_ST_Lib\real\buffers.c" DeclLine="111"/>
 <func Header="xmp3_FreeBuffers" Icon="3" Type="func" Desc=":   void" DeclFile="C:\Users\kasper\Desktop\MP3_Player\SRC_3.10_ST_Lib\real\buffers.c" DeclLine="204"/>
 <variable Header="mp3DecInfo" Icon="2" Type="variable" Desc=":   struct _MP3DecInfo" DeclFile="C:\Users\kasper\Desktop\MP3_Player\SRC_3.10_ST_Lib\real\buffers.c" DeclLine="55" Pointer="No"/>
 <variable Header="sbi" Icon="2" Type="variable" Desc=":   struct _SubbandInfo" DeclFile="C:\Users\kasper\Desktop\MP3_Player\SRC_3.10_ST_Lib\real\buffers.c" DeclLine="56" Pointer="No"/>
 <variable Header="mi" Icon="2" Type="variable" Desc=":   struct _IMDCTInfo" DeclFile="C:\Users\kasper\Desktop\MP3_Player\SRC_3.10_ST_Lib\real\buffers.c" DeclLine="57" Pointer="No"/>
 <variable Header="hi" Icon="2" Type="variable" Desc=":   struct _HuffmanInfo" DeclFile="C:\Users\kasper\Desktop\MP3_Player\SRC_3.10_ST_Lib\real\buffers.c" DeclLine="58" Pointer="No"/>
 <variable Header="di" Icon="2" Type="variable" Desc=":   struct _DequantInfo" DeclFile="C:\Users\kasper\Desktop\MP3_Player\SRC_3.10_ST_Lib\real\buffers.c" DeclLine="59" Pointer="No"/>
 <variable Header="sfi" Icon="2" Type="variable" Desc=":   struct _ScaleFactorInfo" DeclFile="C:\Users\kasper\Desktop\MP3_Player\SRC_3.10_ST_Lib\real\buffers.c" DeclLine="60" Pointer="No"/>
 <variable Header="si" Icon="2" Type="variable" Desc=":   struct _SideInfo" DeclFile="C:\Users\kasper\Desktop\MP3_Player\SRC_3.10_ST_Lib\real\buffers.c" DeclLine="61" Pointer="No"/>
 <variable Header="fh" Icon="2" Type="variable" Desc=":   struct _FrameHeader" DeclFile="C:\Users\kasper\Desktop\MP3_Player\SRC_3.10_ST_Lib\real\buffers.c" DeclLine="62" Pointer="No"/>
 <func Header="xmp3_FDCT32" Icon="3" Type="func" Desc=":   void" DeclFile="C:\Users\kasper\Desktop\MP3_Player\SRC_3.10_ST_Lib\real\dct32.c" DeclLine="143"/>
 <type Header="MPEGVersion" Icon="1" Type="type" Desc=": unsigned char" DeclFile="C:\Users\kasper\Desktop\MP3_Player\SRC_3.10_ST_Lib\pub\mp3dec.h" DeclLine="92" Pointer="No"/>
 <type Header="MP3DecInfo" Icon="1" Type="type" Desc=": struct _MP3DecInfo" DeclFile="C:\Users\kasper\Desktop\MP3_Player\SRC_3.10_ST_Lib\pub\mp3common.h" DeclLine="95" Pointer="No"/>
 <type Header="SFBandTable" Icon="1" Type="type" Desc=": struct _SFBandTable" DeclFile="C:\Users\kasper\Desktop\MP3_Player\SRC_3.10_ST_Lib\pub\mp3common.h" DeclLine="100" Pointer="No"/>
 <type Header="StereoMode" Icon="1" Type="type" Desc=": unsigned char" DeclFile="C:\Users\kasper\Desktop\MP3_Player\SRC_3.10_ST_Lib\real\coder.h" DeclLine="126" Pointer="No"/>
 <type Header="FrameHeader" Icon="1" Type="type" Desc=": struct _FrameHeader" DeclFile="C:\Users\kasper\Desktop\MP3_Player\SRC_3.10_ST_Lib\real\coder.h" DeclLine="151" Pointer="No"/>
 <type Header="SideInfoSub" Icon="1" Type="type" Desc=": struct _SideInfoSub" DeclFile="C:\Users\kasper\Desktop\MP3_Player\SRC_3.10_ST_Lib\real\coder.h" DeclLine="168" Pointer="No"/>
 <type Header="SideInfo" Icon="1" Type="type" Desc=": struct _SideInfo" DeclFile="C:\Users\kasper\Desktop\MP3_Player\SRC_3.10_ST_Lib\real\coder.h" DeclLine="176" Pointer="No"/>
 <type Header="CriticalBandInfo" Icon="1" Type="type" Desc=": struct " DeclFile="C:\Users\kasper\Desktop\MP3_Player\SRC_3.10_ST_Lib\real\coder.h" DeclLine="183" Pointer="No"/>
 <type Header="DequantInfo" Icon="1" Type="type" Desc=": struct _DequantInfo" DeclFile="C:\Users\kasper\Desktop\MP3_Player\SRC_3.10_ST_Lib\real\coder.h" DeclLine="188" Pointer="No"/>
 <type Header="HuffmanInfo" Icon="1" Type="type" Desc=": struct _HuffmanInfo" DeclFile="C:\Users\kasper\Desktop\MP3_Player\SRC_3.10_ST_Lib\real\coder.h" DeclLine="194" Pointer="No"/>
 <type Header="ScaleFactorInfoSub" Icon="1" Type="type" Desc=": struct _ScaleFactorInfoSub" DeclFile="C:\Users\kasper\Desktop\MP3_Player\SRC_3.10_ST_Lib\real\coder.h" DeclLine="235" Pointer="No"/>
 <type Header="ScaleFactorJS" Icon="1" Type="type" Desc=": struct _ScaleFactorJS" DeclFile="C:\Users\kasper\Desktop\MP3_Player\SRC_3.10_ST_Lib\real\coder.h" DeclLine="242" Pointer="No"/>
 <type Header="ScaleFactorInfo" Icon="1" Type="type" Desc=": struct _ScaleFactorInfo" DeclFile="C:\Users\kasper\Desktop\MP3_Player\SRC_3.10_ST_Lib\real\coder.h" DeclLine="247" Pointer="No"/>
 <func Header="xmp3_Dequantize" Icon="3" Type="func" Desc=":   long" DeclFile="C:\Users\kasper\Desktop\MP3_Player\SRC_3.10_ST_Lib\real\dequant.c" DeclLine="74"/>
 <type Header="MPEGVersion" Icon="1" Type="type" Desc=": unsigned char" DeclFile="C:\Users\kasper\Desktop\MP3_Player\SRC_3.10_ST_Lib\pub\mp3dec.h" DeclLine="92" Pointer="No"/>
 <type Header="SFBandTable" Icon="1" Type="type" Desc=": struct _SFBandTable" DeclFile="C:\Users\kasper\Desktop\MP3_Player\SRC_3.10_ST_Lib\pub\mp3common.h" DeclLine="100" Pointer="No"/>
 <type Header="StereoMode" Icon="1" Type="type" Desc=": unsigned char" DeclFile="C:\Users\kasper\Desktop\MP3_Player\SRC_3.10_ST_Lib\real\coder.h" DeclLine="126" Pointer="No"/>
 <type Header="FrameHeader" Icon="1" Type="type" Desc=": struct _FrameHeader" DeclFile="C:\Users\kasper\Desktop\MP3_Player\SRC_3.10_ST_Lib\real\coder.h" DeclLine="151" Pointer="No"/>
 <type Header="SideInfoSub" Icon="1" Type="type" Desc=": struct _SideInfoSub" DeclFile="C:\Users\kasper\Desktop\MP3_Player\SRC_3.10_ST_Lib\real\coder.h" DeclLine="168" Pointer="No"/>
 <type Header="CriticalBandInfo" Icon="1" Type="type" Desc=": struct " DeclFile="C:\Users\kasper\Desktop\MP3_Player\SRC_3.10_ST_Lib\real\coder.h" DeclLine="183" Pointer="No"/>
 <type Header="ScaleFactorInfoSub" Icon="1" Type="type" Desc=": struct _ScaleFactorInfoSub" DeclFile="C:\Users\kasper\Desktop\MP3_Player\SRC_3.10_ST_Lib\real\coder.h" DeclLine="235" Pointer="No"/>
 <type Header="ARRAY3" Icon="1" Type="type" Desc=": long[3]" DeclFile="C:\Users\kasper\Desktop\MP3_Player\SRC_3.10_ST_Lib\real\dqchan.c" DeclLine="47" Pointer="No"/>
 <func Header="DequantBlock" Icon="3" Type="func" Desc=":   long" DeclFile="C:\Users\kasper\Desktop\MP3_Player\SRC_3.10_ST_Lib\real\dqchan.c" DeclLine="133"/>
 <func Header="xmp3_DequantChannel" Icon="3" Type="func" Desc=":   long" DeclFile="C:\Users\kasper\Desktop\MP3_Player\SRC_3.10_ST_Lib\real\dqchan.c" DeclLine="246"/>
 <variable Header="preTab" Icon="2" Type="variable" Desc=":   signed char[22]" DeclFile="C:\Users\kasper\Desktop\MP3_Player\SRC_3.10_ST_Lib\real\dqchan.c" DeclLine="50" Pointer="No"/>
 <variable Header="pow14" Icon="2" Type="variable" Desc=":   long[4]" DeclFile="C:\Users\kasper\Desktop\MP3_Player\SRC_3.10_ST_Lib\real\dqchan.c" DeclLine="53" Pointer="No"/>
 <variable Header="pow43_14" Icon="2" Type="variable" Desc=":   long[16][4]" DeclFile="C:\Users\kasper\Desktop\MP3_Player\SRC_3.10_ST_Lib\real\dqchan.c" DeclLine="58" Pointer="No"/>
 <variable Header="pow43" Icon="2" Type="variable" Desc=":   long[48]" DeclFile="C:\Users\kasper\Desktop\MP3_Player\SRC_3.10_ST_Lib\real\dqchan.c" DeclLine="81" Pointer="No"/>
 <variable Header="poly43lo" Icon="2" Type="variable" Desc=":   long[5]" DeclFile="C:\Users\kasper\Desktop\MP3_Player\SRC_3.10_ST_Lib\real\dqchan.c" DeclLine="107" Pointer="No"/>
 <variable Header="poly43hi" Icon="2" Type="variable" Desc=":   long[5]" DeclFile="C:\Users\kasper\Desktop\MP3_Player\SRC_3.10_ST_Lib\real\dqchan.c" DeclLine="108" Pointer="No"/>
 <variable Header="pow2exp" Icon="2" Type="variable" Desc=":   long[8]" DeclFile="C:\Users\kasper\Desktop\MP3_Player\SRC_3.10_ST_Lib\real\dqchan.c" DeclLine="111" Pointer="No"/>
 <variable Header="pow2frac" Icon="2" Type="variable" Desc=":   long[8]" DeclFile="C:\Users\kasper\Desktop\MP3_Player\SRC_3.10_ST_Lib\real\dqchan.c" DeclLine="113" Pointer="No"/>
 <type Header="MPEGVersion" Icon="1" Type="type" Desc=": unsigned char" DeclFile="C:\Users\kasper\Desktop\MP3_Player\SRC_3.10_ST_Lib\pub\mp3dec.h" DeclLine="92" Pointer="No"/>
 <type Header="MP3DecInfo" Icon="1" Type="type" Desc=": struct _MP3DecInfo" DeclFile="C:\Users\kasper\Desktop\MP3_Player\SRC_3.10_ST_Lib\pub\mp3common.h" DeclLine="95" Pointer="No"/>
 <type Header="SFBandTable" Icon="1" Type="type" Desc=": struct _SFBandTable" DeclFile="C:\Users\kasper\Desktop\MP3_Player\SRC_3.10_ST_Lib\pub\mp3common.h" DeclLine="100" Pointer="No"/>
 <type Header="StereoMode" Icon="1" Type="type" Desc=": unsigned char" DeclFile="C:\Users\kasper\Desktop\MP3_Player\SRC_3.10_ST_Lib\real\coder.h" DeclLine="126" Pointer="No"/>
 <type Header="FrameHeader" Icon="1" Type="type" Desc=": struct _FrameHeader" DeclFile="C:\Users\kasper\Desktop\MP3_Player\SRC_3.10_ST_Lib\real\coder.h" DeclLine="151" Pointer="No"/>
 <type Header="SideInfoSub" Icon="1" Type="type" Desc=": struct _SideInfoSub" DeclFile="C:\Users\kasper\Desktop\MP3_Player\SRC_3.10_ST_Lib\real\coder.h" DeclLine="168" Pointer="No"/>
 <type Header="SideInfo" Icon="1" Type="type" Desc=": struct _SideInfo" DeclFile="C:\Users\kasper\Desktop\MP3_Player\SRC_3.10_ST_Lib\real\coder.h" DeclLine="176" Pointer="No"/>
 <type Header="HuffmanInfo" Icon="1" Type="type" Desc=": struct _HuffmanInfo" DeclFile="C:\Users\kasper\Desktop\MP3_Player\SRC_3.10_ST_Lib\real\coder.h" DeclLine="194" Pointer="No"/>
 <type Header="HuffTabType" Icon="1" Type="type" Desc=": unsigned char" DeclFile="C:\Users\kasper\Desktop\MP3_Player\SRC_3.10_ST_Lib\real\coder.h" DeclLine="204" Pointer="No"/>
 <type Header="HuffTabLookup" Icon="1" Type="type" Desc=": struct _HuffTabLookup" DeclFile="C:\Users\kasper\Desktop\MP3_Player\SRC_3.10_ST_Lib\real\coder.h" DeclLine="209" Pointer="No"/>
 <type Header="ScaleFactorInfoSub" Icon="1" Type="type" Desc=": struct _ScaleFactorInfoSub" DeclFile="C:\Users\kasper\Desktop\MP3_Player\SRC_3.10_ST_Lib\real\coder.h" DeclLine="235" Pointer="No"/>
 <type Header="ScaleFactorJS" Icon="1" Type="type" Desc=": struct _ScaleFactorJS" DeclFile="C:\Users\kasper\Desktop\MP3_Player\SRC_3.10_ST_Lib\real\coder.h" DeclLine="242" Pointer="No"/>
 <type Header="ScaleFactorInfo" Icon="1" Type="type" Desc=": struct _ScaleFactorInfo" DeclFile="C:\Users\kasper\Desktop\MP3_Player\SRC_3.10_ST_Lib\real\coder.h" DeclLine="247" Pointer="No"/>
 <func Header="xmp3_DecodeHuffman" Icon="3" Type="func" Desc=":   long" DeclFile="C:\Users\kasper\Desktop\MP3_Player\SRC_3.10_ST_Lib\real\huffman.c" DeclLine="378"/>
 <type Header="HuffTabType" Icon="1" Type="type" Desc=": unsigned char" DeclFile="C:\Users\kasper\Desktop\MP3_Player\SRC_3.10_ST_Lib\real\coder.h" DeclLine="204" Pointer="No"/>
 <type Header="HuffTabLookup" Icon="1" Type="type" Desc=": struct _HuffTabLookup" DeclFile="C:\Users\kasper\Desktop\MP3_Player\SRC_3.10_ST_Lib\real\coder.h" DeclLine="209" Pointer="No"/>
 <variable Header="xmp3_huffTabLookup" Icon="2" Type="variable" Desc=":   struct _HuffTabLookup[32]" DeclFile="C:\Users\kasper\Desktop\MP3_Player\SRC_3.10_ST_Lib\real\hufftabs.c" DeclLine="699" Pointer="No"/>
 <variable Header="xmp3_huffTabOffset" Icon="2" Type="variable" Desc=":   long[32]" DeclFile="C:\Users\kasper\Desktop\MP3_Player\SRC_3.10_ST_Lib\real\hufftabs.c" DeclLine="664" Pointer="No"/>
 <variable Header="xmp3_huffTable" Icon="2" Type="variable" Desc=":   unsigned int[4242]" DeclFile="C:\Users\kasper\Desktop\MP3_Player\SRC_3.10_ST_Lib\real\hufftabs.c" DeclLine="77" Pointer="No"/>
 <variable Header="xmp3_quadTable" Icon="2" Type="variable" Desc=":   unsigned char[80]" DeclFile="C:\Users\kasper\Desktop\MP3_Player\SRC_3.10_ST_Lib\real\hufftabs.c" DeclLine="739" Pointer="No"/>
 <variable Header="xmp3_quadTabOffset" Icon="2" Type="variable" Desc=":   long[2]" DeclFile="C:\Users\kasper\Desktop\MP3_Player\SRC_3.10_ST_Lib\real\hufftabs.c" DeclLine="754" Pointer="No"/>
 <variable Header="xmp3_quadTabMaxBits" Icon="2" Type="variable" Desc=":   long[2]" DeclFile="C:\Users\kasper\Desktop\MP3_Player\SRC_3.10_ST_Lib\real\hufftabs.c" DeclLine="755" Pointer="No"/>
 <type Header="MPEGVersion" Icon="1" Type="type" Desc=": unsigned char" DeclFile="C:\Users\kasper\Desktop\MP3_Player\SRC_3.10_ST_Lib\pub\mp3dec.h" DeclLine="92" Pointer="No"/>
 <type Header="MP3DecInfo" Icon="1" Type="type" Desc=": struct _MP3DecInfo" DeclFile="C:\Users\kasper\Desktop\MP3_Player\SRC_3.10_ST_Lib\pub\mp3common.h" DeclLine="95" Pointer="No"/>
 <type Header="SFBandTable" Icon="1" Type="type" Desc=": struct _SFBandTable" DeclFile="C:\Users\kasper\Desktop\MP3_Player\SRC_3.10_ST_Lib\pub\mp3common.h" DeclLine="100" Pointer="No"/>
 <type Header="StereoMode" Icon="1" Type="type" Desc=": unsigned char" DeclFile="C:\Users\kasper\Desktop\MP3_Player\SRC_3.10_ST_Lib\real\coder.h" DeclLine="126" Pointer="No"/>
 <type Header="FrameHeader" Icon="1" Type="type" Desc=": struct _FrameHeader" DeclFile="C:\Users\kasper\Desktop\MP3_Player\SRC_3.10_ST_Lib\real\coder.h" DeclLine="151" Pointer="No"/>
 <type Header="SideInfoSub" Icon="1" Type="type" Desc=": struct _SideInfoSub" DeclFile="C:\Users\kasper\Desktop\MP3_Player\SRC_3.10_ST_Lib\real\coder.h" DeclLine="168" Pointer="No"/>
 <type Header="SideInfo" Icon="1" Type="type" Desc=": struct _SideInfo" DeclFile="C:\Users\kasper\Desktop\MP3_Player\SRC_3.10_ST_Lib\real\coder.h" DeclLine="176" Pointer="No"/>
 <type Header="HuffmanInfo" Icon="1" Type="type" Desc=": struct _HuffmanInfo" DeclFile="C:\Users\kasper\Desktop\MP3_Player\SRC_3.10_ST_Lib\real\coder.h" DeclLine="194" Pointer="No"/>
 <type Header="IMDCTInfo" Icon="1" Type="type" Desc=": struct _IMDCTInfo" DeclFile="C:\Users\kasper\Desktop\MP3_Player\SRC_3.10_ST_Lib\real\coder.h" DeclLine="218" Pointer="No"/>
 <type Header="BlockCount" Icon="1" Type="type" Desc=": struct _BlockCount" DeclFile="C:\Users\kasper\Desktop\MP3_Player\SRC_3.10_ST_Lib\real\coder.h" DeclLine="229" Pointer="No"/>
 <func Header="WinPrevious" Icon="3" Type="func" Desc=":   void" DeclFile="C:\Users\kasper\Desktop\MP3_Player\SRC_3.10_ST_Lib\real\imdct.c" DeclLine="133"/>
 <func Header="FreqInvertRescale" Icon="3" Type="func" Desc=":   long" DeclFile="C:\Users\kasper\Desktop\MP3_Player\SRC_3.10_ST_Lib\real\imdct.c" DeclLine="186"/>
 <func Header="xmp3_IMDCT" Icon="3" Type="func" Desc=":   long" DeclFile="C:\Users\kasper\Desktop\MP3_Player\SRC_3.10_ST_Lib\real\imdct.c" DeclLine="718"/>
 <type Header="MPEGVersion" Icon="1" Type="type" Desc=": unsigned char" DeclFile="C:\Users\kasper\Desktop\MP3_Player\SRC_3.10_ST_Lib\pub\mp3dec.h" DeclLine="92" Pointer="No"/>
 <type Header="MP3DecInfo" Icon="1" Type="type" Desc=": struct _MP3DecInfo" DeclFile="C:\Users\kasper\Desktop\MP3_Player\SRC_3.10_ST_Lib\pub\mp3common.h" DeclLine="95" Pointer="No"/>
 <type Header="SFBandTable" Icon="1" Type="type" Desc=": struct _SFBandTable" DeclFile="C:\Users\kasper\Desktop\MP3_Player\SRC_3.10_ST_Lib\pub\mp3common.h" DeclLine="100" Pointer="No"/>
 <type Header="StereoMode" Icon="1" Type="type" Desc=": unsigned char" DeclFile="C:\Users\kasper\Desktop\MP3_Player\SRC_3.10_ST_Lib\real\coder.h" DeclLine="126" Pointer="No"/>
 <type Header="BitStreamInfo" Icon="1" Type="type" Desc=": struct _BitStreamInfo" DeclFile="C:\Users\kasper\Desktop\MP3_Player\SRC_3.10_ST_Lib\real\coder.h" DeclLine="133" Pointer="No"/>
 <type Header="FrameHeader" Icon="1" Type="type" Desc=": struct _FrameHeader" DeclFile="C:\Users\kasper\Desktop\MP3_Player\SRC_3.10_ST_Lib\real\coder.h" DeclLine="151" Pointer="No"/>
 <type Header="SideInfoSub" Icon="1" Type="type" Desc=": struct _SideInfoSub" DeclFile="C:\Users\kasper\Desktop\MP3_Player\SRC_3.10_ST_Lib\real\coder.h" DeclLine="168" Pointer="No"/>
 <type Header="SideInfo" Icon="1" Type="type" Desc=": struct _SideInfo" DeclFile="C:\Users\kasper\Desktop\MP3_Player\SRC_3.10_ST_Lib\real\coder.h" DeclLine="176" Pointer="No"/>
 <type Header="ScaleFactorInfoSub" Icon="1" Type="type" Desc=": struct _ScaleFactorInfoSub" DeclFile="C:\Users\kasper\Desktop\MP3_Player\SRC_3.10_ST_Lib\real\coder.h" DeclLine="235" Pointer="No"/>
 <type Header="ScaleFactorJS" Icon="1" Type="type" Desc=": struct _ScaleFactorJS" DeclFile="C:\Users\kasper\Desktop\MP3_Player\SRC_3.10_ST_Lib\real\coder.h" DeclLine="242" Pointer="No"/>
 <type Header="ScaleFactorInfo" Icon="1" Type="type" Desc=": struct _ScaleFactorInfo" DeclFile="C:\Users\kasper\Desktop\MP3_Player\SRC_3.10_ST_Lib\real\coder.h" DeclLine="247" Pointer="No"/>
 <func Header="xmp3_UnpackScaleFactors" Icon="3" Type="func" Desc=":   long" DeclFile="C:\Users\kasper\Desktop\MP3_Player\SRC_3.10_ST_Lib\real\scalfact.c" DeclLine="356"/>
 <variable Header="SFLenTab" Icon="2" Type="variable" Desc=":   signed char[2][16]" DeclFile="C:\Users\kasper\Desktop\MP3_Player\SRC_3.10_ST_Lib\real\scalfact.c" DeclLine="47" Pointer="No"/>
 <variable Header="NRTab" Icon="2" Type="variable" Desc=":   signed char[4][3][6]" DeclFile="C:\Users\kasper\Desktop\MP3_Player\SRC_3.10_ST_Lib\real\scalfact.c" DeclLine="156" Pointer="No"/>
 <type Header="MPEGVersion" Icon="1" Type="type" Desc=": unsigned char" DeclFile="C:\Users\kasper\Desktop\MP3_Player\SRC_3.10_ST_Lib\pub\mp3dec.h" DeclLine="92" Pointer="No"/>
 <type Header="SFBandTable" Icon="1" Type="type" Desc=": struct _SFBandTable" DeclFile="C:\Users\kasper\Desktop\MP3_Player\SRC_3.10_ST_Lib\pub\mp3common.h" DeclLine="100" Pointer="No"/>
 <type Header="StereoMode" Icon="1" Type="type" Desc=": unsigned char" DeclFile="C:\Users\kasper\Desktop\MP3_Player\SRC_3.10_ST_Lib\real\coder.h" DeclLine="126" Pointer="No"/>
 <type Header="FrameHeader" Icon="1" Type="type" Desc=": struct _FrameHeader" DeclFile="C:\Users\kasper\Desktop\MP3_Player\SRC_3.10_ST_Lib\real\coder.h" DeclLine="151" Pointer="No"/>
 <type Header="CriticalBandInfo" Icon="1" Type="type" Desc=": struct " DeclFile="C:\Users\kasper\Desktop\MP3_Player\SRC_3.10_ST_Lib\real\coder.h" DeclLine="183" Pointer="No"/>
 <type Header="ScaleFactorInfoSub" Icon="1" Type="type" Desc=": struct _ScaleFactorInfoSub" DeclFile="C:\Users\kasper\Desktop\MP3_Player\SRC_3.10_ST_Lib\real\coder.h" DeclLine="235" Pointer="No"/>
 <type Header="ScaleFactorJS" Icon="1" Type="type" Desc=": struct _ScaleFactorJS" DeclFile="C:\Users\kasper\Desktop\MP3_Player\SRC_3.10_ST_Lib\real\coder.h" DeclLine="242" Pointer="No"/>
 <func Header="xmp3_IntensityProcMPEG2" Icon="3" Type="func" Desc=":   void" DeclFile="C:\Users\kasper\Desktop\MP3_Player\SRC_3.10_ST_Lib\real\stproc.c" DeclLine="214"/>
 <func Header="xmp3_IntensityProcMPEG1" Icon="3" Type="func" Desc=":   void" DeclFile="C:\Users\kasper\Desktop\MP3_Player\SRC_3.10_ST_Lib\real\stproc.c" DeclLine="108"/>
 <func Header="xmp3_MidSideProc" Icon="3" Type="func" Desc=":   void" DeclFile="C:\Users\kasper\Desktop\MP3_Player\SRC_3.10_ST_Lib\real\stproc.c" DeclLine="65"/>
 <type Header="MPEGVersion" Icon="1" Type="type" Desc=": unsigned char" DeclFile="C:\Users\kasper\Desktop\MP3_Player\SRC_3.10_ST_Lib\pub\mp3dec.h" DeclLine="92" Pointer="No"/>
 <type Header="MP3DecInfo" Icon="1" Type="type" Desc=": struct _MP3DecInfo" DeclFile="C:\Users\kasper\Desktop\MP3_Player\SRC_3.10_ST_Lib\pub\mp3common.h" DeclLine="95" Pointer="No"/>
 <type Header="HuffmanInfo" Icon="1" Type="type" Desc=": struct _HuffmanInfo" DeclFile="C:\Users\kasper\Desktop\MP3_Player\SRC_3.10_ST_Lib\real\coder.h" DeclLine="194" Pointer="No"/>
 <type Header="IMDCTInfo" Icon="1" Type="type" Desc=": struct _IMDCTInfo" DeclFile="C:\Users\kasper\Desktop\MP3_Player\SRC_3.10_ST_Lib\real\coder.h" DeclLine="218" Pointer="No"/>
 <type Header="SubbandInfo" Icon="1" Type="type" Desc=": struct _SubbandInfo" DeclFile="C:\Users\kasper\Desktop\MP3_Player\SRC_3.10_ST_Lib\real\coder.h" DeclLine="256" Pointer="No"/>
 <func Header="xmp3_Subband" Icon="3" Type="func" Desc=":   long" DeclFile="C:\Users\kasper\Desktop\MP3_Player\SRC_3.10_ST_Lib\real\subband.c" DeclLine="61"/>
 <variable Header="xmp3_imdctWin" Icon="2" Type="variable" Desc=":   long[36][4]" DeclFile="C:\Users\kasper\Desktop\MP3_Player\SRC_3.10_ST_Lib\real\trigtabs.c" DeclLine="100" Pointer="No"/>
 <variable Header="xmp3_ISFMpeg1" Icon="2" Type="variable" Desc=":   long[7][2]" DeclFile="C:\Users\kasper\Desktop\MP3_Player\SRC_3.10_ST_Lib\real\trigtabs.c" DeclLine="157" Pointer="No"/>
 <variable Header="xmp3_ISFMpeg2" Icon="2" Type="variable" Desc=":   long[16][2][2]" DeclFile="C:\Users\kasper\Desktop\MP3_Player\SRC_3.10_ST_Lib\real\trigtabs.c" DeclLine="179" Pointer="No"/>
 <variable Header="xmp3_ISFIIP" Icon="2" Type="variable" Desc=":   long[2][2]" DeclFile="C:\Users\kasper\Desktop\MP3_Player\SRC_3.10_ST_Lib\real\trigtabs.c" DeclLine="211" Pointer="No"/>
 <variable Header="xmp3_csa" Icon="2" Type="variable" Desc=":   long[2][8]" DeclFile="C:\Users\kasper\Desktop\MP3_Player\SRC_3.10_ST_Lib\real\trigtabs.c" DeclLine="222" Pointer="No"/>
 <variable Header="xmp3_coef32" Icon="2" Type="variable" Desc=":   long[31]" DeclFile="C:\Users\kasper\Desktop\MP3_Player\SRC_3.10_ST_Lib\real\trigtabs.c" DeclLine="245" Pointer="No"/>
 <variable Header="xmp3_polyCoef" Icon="2" Type="variable" Desc=":   long[264]" DeclFile="C:\Users\kasper\Desktop\MP3_Player\SRC_3.10_ST_Lib\real\trigtabs.c" DeclLine="275" Pointer="No"/>
 <variable Header="xmp3_uniqueIDTab" Icon="2" Type="variable" Desc=":   unsigned char[8]" DeclFile="C:\Users\kasper\Desktop\MP3_Player\SRC_3.10_ST_Lib\real\trigtabs.c" DeclLine="216" Pointer="No"/>
 <type Header="uint8_t" Icon="1" Type="type" Desc=": unsigned char" DeclFile="c:\program files\raisonance\ride\arm-gcc\arm-none-eabi\include\stdint.h" DeclLine="46" Pointer="No"/>
 <type Header="uint32_t" Icon="1" Type="type" Desc=": unsigned long" DeclFile="c:\program files\raisonance\ride\arm-gcc\arm-none-eabi\include\stdint.h" DeclLine="84" Pointer="No"/>
 <type Header="FunctionalState" Icon="1" Type="type" Desc=": unsigned char" DeclFile="C:\Users\kasper\Desktop\MP3_Player\SRC_3.10_ST_Lib\stm32f10x.h" DeclLine="350" Pointer="No"/>
 <type Header="NVIC_InitTypeDef" Icon="1" Type="type" Desc=": struct " DeclFile="C:\Users\kasper\Desktop\MP3_Player\SRC_3.10_ST_Lib\STM32F10x_Lib_V3.0.1\Libraries\STM32F10x_StdPeriph_Driver\inc\misc.h" DeclLine="67" Pointer="No"/>
 <func Header="NVIC_PriorityGroupConfig" Icon="3" Type="func" Desc=":   void" DeclFile="C:\Users\kasper\Desktop\MP3_Player\SRC_3.10_ST_Lib\STM32F10x_Lib_V3.0.1\Libraries\STM32F10x_StdPeriph_Driver\src\misc.c" DeclLine="96"/>
 <func Header="NVIC_Init" Icon="3" Type="func" Desc=":   void" DeclFile="C:\Users\kasper\Desktop\MP3_Player\SRC_3.10_ST_Lib\STM32F10x_Lib_V3.0.1\Libraries\STM32F10x_StdPeriph_Driver\src\misc.c" DeclLine="112"/>
 <func Header="NVIC_SetVectorTable" Icon="3" Type="func" Desc=":   void" DeclFile="C:\Users\kasper\Desktop\MP3_Player\SRC_3.10_ST_Lib\STM32F10x_Lib_V3.0.1\Libraries\STM32F10x_StdPeriph_Driver\src\misc.c" DeclLine="155"/>
 <func Header="NVIC_SystemLPConfig" Icon="3" Type="func" Desc=":   void" DeclFile="C:\Users\kasper\Desktop\MP3_Player\SRC_3.10_ST_Lib\STM32F10x_Lib_V3.0.1\Libraries\STM32F10x_StdPeriph_Driver\src\misc.c" DeclLine="174"/>
 <func Header="SysTick_CLKSourceConfig" Icon="3" Type="func" Desc=":   void" DeclFile="C:\Users\kasper\Desktop\MP3_Player\SRC_3.10_ST_Lib\STM32F10x_Lib_V3.0.1\Libraries\STM32F10x_StdPeriph_Driver\src\misc.c" DeclLine="198"/>
 <type Header="uint8_t" Icon="1" Type="type" Desc=": unsigned char" DeclFile="c:\program files\raisonance\ride\arm-gcc\arm-none-eabi\include\stdint.h" DeclLine="46" Pointer="No"/>
 <type Header="uint16_t" Icon="1" Type="type" Desc=": unsigned int" DeclFile="c:\program files\raisonance\ride\arm-gcc\arm-none-eabi\include\stdint.h" DeclLine="58" Pointer="No"/>
 <type Header="uint32_t" Icon="1" Type="type" Desc=": unsigned long" DeclFile="c:\program files\raisonance\ride\arm-gcc\arm-none-eabi\include\stdint.h" DeclLine="84" Pointer="No"/>
 <type Header="FlagStatus" Icon="1" Type="type" Desc=": unsigned char" DeclFile="C:\Users\kasper\Desktop\MP3_Player\SRC_3.10_ST_Lib\stm32f10x.h" DeclLine="348" Pointer="No"/>
 <type Header="ITStatus" Icon="1" Type="type" Desc=": unsigned char" DeclFile="C:\Users\kasper\Desktop\MP3_Player\SRC_3.10_ST_Lib\stm32f10x.h" DeclLine="348" Pointer="No"/>
 <type Header="FunctionalState" Icon="1" Type="type" Desc=": unsigned char" DeclFile="C:\Users\kasper\Desktop\MP3_Player\SRC_3.10_ST_Lib\stm32f10x.h" DeclLine="350" Pointer="No"/>
 <type Header="TIM_TypeDef" Icon="1" Type="type" Desc=": struct " DeclFile="C:\Users\kasper\Desktop\MP3_Player\SRC_3.10_ST_Lib\stm32f10x.h" DeclLine="1020" Pointer="No"/>
 <type Header="TIM_TimeBaseInitTypeDef" Icon="1" Type="type" Desc=": struct " DeclFile="C:\Users\kasper\Desktop\MP3_Player\SRC_3.10_ST_Lib\STM32F10x_Lib_V3.0.1\Libraries\STM32F10x_StdPeriph_Driver\inc\stm32f10x_tim.h" DeclLine="73" Pointer="No"/>
 <type Header="TIM_OCInitTypeDef" Icon="1" Type="type" Desc=": struct " DeclFile="C:\Users\kasper\Desktop\MP3_Player\SRC_3.10_ST_Lib\STM32F10x_Lib_V3.0.1\Libraries\STM32F10x_StdPeriph_Driver\inc\stm32f10x_tim.h" DeclLine="108" Pointer="No"/>
 <type Header="TIM_ICInitTypeDef" Icon="1" Type="type" Desc=": struct " DeclFile="C:\Users\kasper\Desktop\MP3_Player\SRC_3.10_ST_Lib\STM32F10x_Lib_V3.0.1\Libraries\STM32F10x_StdPeriph_Driver\inc\stm32f10x_tim.h" DeclLine="131" Pointer="No"/>
 <type Header="TIM_BDTRInitTypeDef" Icon="1" Type="type" Desc=": struct " DeclFile="C:\Users\kasper\Desktop\MP3_Player\SRC_3.10_ST_Lib\STM32F10x_Lib_V3.0.1\Libraries\STM32F10x_StdPeriph_Driver\inc\stm32f10x_tim.h" DeclLine="162" Pointer="No"/>
 <func Header="TIM_TimeBaseInit" Icon="3" Type="func" Desc=":   void" DeclFile="C:\Users\kasper\Desktop\MP3_Player\SRC_3.10_ST_Lib\STM32F10x_Lib_V3.0.1\Libraries\STM32F10x_StdPeriph_Driver\src\stm32f10x_tim.c" DeclLine="246"/>
 <func Header="TIM_OC1Init" Icon="3" Type="func" Desc=":   void" DeclFile="C:\Users\kasper\Desktop\MP3_Player\SRC_3.10_ST_Lib\STM32F10x_Lib_V3.0.1\Libraries\STM32F10x_StdPeriph_Driver\src\stm32f10x_tim.c" DeclLine="281"/>
 <func Header="TIM_OC2Init" Icon="3" Type="func" Desc=":   void" DeclFile="C:\Users\kasper\Desktop\MP3_Player\SRC_3.10_ST_Lib\STM32F10x_Lib_V3.0.1\Libraries\STM32F10x_StdPeriph_Driver\src\stm32f10x_tim.c" DeclLine="360"/>
 <func Header="TIM_OC3Init" Icon="3" Type="func" Desc=":   void" DeclFile="C:\Users\kasper\Desktop\MP3_Player\SRC_3.10_ST_Lib\STM32F10x_Lib_V3.0.1\Libraries\STM32F10x_StdPeriph_Driver\src\stm32f10x_tim.c" DeclLine="439"/>
 <func Header="TIM_OC4Init" Icon="3" Type="func" Desc=":   void" DeclFile="C:\Users\kasper\Desktop\MP3_Player\SRC_3.10_ST_Lib\STM32F10x_Lib_V3.0.1\Libraries\STM32F10x_StdPeriph_Driver\src\stm32f10x_tim.c" DeclLine="518"/>
 <func Header="TIM_ICInit" Icon="3" Type="func" Desc=":   void" DeclFile="C:\Users\kasper\Desktop\MP3_Player\SRC_3.10_ST_Lib\STM32F10x_Lib_V3.0.1\Libraries\STM32F10x_StdPeriph_Driver\src\stm32f10x_tim.c" DeclLine="581"/>
 <func Header="TIM_PWMIConfig" Icon="3" Type="func" Desc=":   void" DeclFile="C:\Users\kasper\Desktop\MP3_Player\SRC_3.10_ST_Lib\STM32F10x_Lib_V3.0.1\Libraries\STM32F10x_StdPeriph_Driver\src\stm32f10x_tim.c" DeclLine="637"/>
 <func Header="TIM_BDTRConfig" Icon="3" Type="func" Desc=":   void" DeclFile="C:\Users\kasper\Desktop\MP3_Player\SRC_3.10_ST_Lib\STM32F10x_Lib_V3.0.1\Libraries\STM32F10x_StdPeriph_Driver\src\stm32f10x_tim.c" DeclLine="695"/>
 <func Header="TIM_TimeBaseStructInit" Icon="3" Type="func" Desc=":   void" DeclFile="C:\Users\kasper\Desktop\MP3_Player\SRC_3.10_ST_Lib\STM32F10x_Lib_V3.0.1\Libraries\STM32F10x_StdPeriph_Driver\src\stm32f10x_tim.c" DeclLine="719"/>
 <func Header="TIM_OCStructInit" Icon="3" Type="func" Desc=":   void" DeclFile="C:\Users\kasper\Desktop\MP3_Player\SRC_3.10_ST_Lib\STM32F10x_Lib_V3.0.1\Libraries\STM32F10x_StdPeriph_Driver\src\stm32f10x_tim.c" DeclLine="735"/>
 <func Header="TIM_ICStructInit" Icon="3" Type="func" Desc=":   void" DeclFile="C:\Users\kasper\Desktop\MP3_Player\SRC_3.10_ST_Lib\STM32F10x_Lib_V3.0.1\Libraries\STM32F10x_StdPeriph_Driver\src\stm32f10x_tim.c" DeclLine="754"/>
 <func Header="TIM_BDTRStructInit" Icon="3" Type="func" Desc=":   void" DeclFile="C:\Users\kasper\Desktop\MP3_Player\SRC_3.10_ST_Lib\STM32F10x_Lib_V3.0.1\Libraries\STM32F10x_StdPeriph_Driver\src\stm32f10x_tim.c" DeclLine="770"/>
 <func Header="TIM_Cmd" Icon="3" Type="func" Desc=":   void" DeclFile="C:\Users\kasper\Desktop\MP3_Player\SRC_3.10_ST_Lib\STM32F10x_Lib_V3.0.1\Libraries\STM32F10x_StdPeriph_Driver\src\stm32f10x_tim.c" DeclLine="789"/>
 <func Header="TIM_CtrlPWMOutputs" Icon="3" Type="func" Desc=":   void" DeclFile="C:\Users\kasper\Desktop\MP3_Player\SRC_3.10_ST_Lib\STM32F10x_Lib_V3.0.1\Libraries\STM32F10x_StdPeriph_Driver\src\stm32f10x_tim.c" DeclLine="814"/>
 <func Header="TIM_ITConfig" Icon="3" Type="func" Desc=":   void" DeclFile="C:\Users\kasper\Desktop\MP3_Player\SRC_3.10_ST_Lib\STM32F10x_Lib_V3.0.1\Libraries\STM32F10x_StdPeriph_Driver\src\stm32f10x_tim.c" DeclLine="851"/>
 <func Header="TIM_GenerateEvent" Icon="3" Type="func" Desc=":   void" DeclFile="C:\Users\kasper\Desktop\MP3_Player\SRC_3.10_ST_Lib\STM32F10x_Lib_V3.0.1\Libraries\STM32F10x_StdPeriph_Driver\src\stm32f10x_tim.c" DeclLine="888"/>
 <func Header="TIM_DMAConfig" Icon="3" Type="func" Desc=":   void" DeclFile="C:\Users\kasper\Desktop\MP3_Player\SRC_3.10_ST_Lib\STM32F10x_Lib_V3.0.1\Libraries\STM32F10x_StdPeriph_Driver\src\stm32f10x_tim.c" DeclLine="915"/>
 <func Header="TIM_DMACmd" Icon="3" Type="func" Desc=":   void" DeclFile="C:\Users\kasper\Desktop\MP3_Player\SRC_3.10_ST_Lib\STM32F10x_Lib_V3.0.1\Libraries\STM32F10x_StdPeriph_Driver\src\stm32f10x_tim.c" DeclLine="941"/>
 <func Header="TIM_InternalClockConfig" Icon="3" Type="func" Desc=":   void" DeclFile="C:\Users\kasper\Desktop\MP3_Player\SRC_3.10_ST_Lib\STM32F10x_Lib_V3.0.1\Libraries\STM32F10x_StdPeriph_Driver\src\stm32f10x_tim.c" DeclLine="965"/>
 <func Header="TIM_ITRxExternalClockConfig" Icon="3" Type="func" Desc=":   void" DeclFile="C:\Users\kasper\Desktop\MP3_Player\SRC_3.10_ST_Lib\STM32F10x_Lib_V3.0.1\Libraries\STM32F10x_StdPeriph_Driver\src\stm32f10x_tim.c" DeclLine="984"/>
 <func Header="TIM_TIxExternalClockConfig" Icon="3" Type="func" Desc=":   void" DeclFile="C:\Users\kasper\Desktop\MP3_Player\SRC_3.10_ST_Lib\STM32F10x_Lib_V3.0.1\Libraries\STM32F10x_StdPeriph_Driver\src\stm32f10x_tim.c" DeclLine="1012"/>
 <func Header="TIM_ETRClockMode1Config" Icon="3" Type="func" Desc=":   void" DeclFile="C:\Users\kasper\Desktop\MP3_Player\SRC_3.10_ST_Lib\STM32F10x_Lib_V3.0.1\Libraries\STM32F10x_StdPeriph_Driver\src\stm32f10x_tim.c" DeclLine="1052"/>
 <func Header="TIM_ETRClockMode2Config" Icon="3" Type="func" Desc=":   void" DeclFile="C:\Users\kasper\Desktop\MP3_Player\SRC_3.10_ST_Lib\STM32F10x_Lib_V3.0.1\Libraries\STM32F10x_StdPeriph_Driver\src\stm32f10x_tim.c" DeclLine="1094"/>
 <func Header="TIM_ETRConfig" Icon="3" Type="func" Desc=":   void" DeclFile="C:\Users\kasper\Desktop\MP3_Player\SRC_3.10_ST_Lib\STM32F10x_Lib_V3.0.1\Libraries\STM32F10x_StdPeriph_Driver\src\stm32f10x_tim.c" DeclLine="0"/>
 <func Header="TIM_PrescalerConfig" Icon="3" Type="func" Desc=":   void" DeclFile="C:\Users\kasper\Desktop\MP3_Player\SRC_3.10_ST_Lib\STM32F10x_Lib_V3.0.1\Libraries\STM32F10x_StdPeriph_Driver\src\stm32f10x_tim.c" DeclLine="1152"/>
 <func Header="TIM_CounterModeConfig" Icon="3" Type="func" Desc=":   void" DeclFile="C:\Users\kasper\Desktop\MP3_Player\SRC_3.10_ST_Lib\STM32F10x_Lib_V3.0.1\Libraries\STM32F10x_StdPeriph_Driver\src\stm32f10x_tim.c" DeclLine="1175"/>
 <func Header="TIM_SelectInputTrigger" Icon="3" Type="func" Desc=":   void" DeclFile="C:\Users\kasper\Desktop\MP3_Player\SRC_3.10_ST_Lib\STM32F10x_Lib_V3.0.1\Libraries\STM32F10x_StdPeriph_Driver\src\stm32f10x_tim.c" DeclLine="0"/>
 <func Header="TIM_EncoderInterfaceConfig" Icon="3" Type="func" Desc=":   void" DeclFile="C:\Users\kasper\Desktop\MP3_Player\SRC_3.10_ST_Lib\STM32F10x_Lib_V3.0.1\Libraries\STM32F10x_StdPeriph_Driver\src\stm32f10x_tim.c" DeclLine="1241"/>
 <func Header="TIM_ForcedOC1Config" Icon="3" Type="func" Desc=":   void" DeclFile="C:\Users\kasper\Desktop\MP3_Player\SRC_3.10_ST_Lib\STM32F10x_Lib_V3.0.1\Libraries\STM32F10x_StdPeriph_Driver\src\stm32f10x_tim.c" DeclLine="1293"/>
 <func Header="TIM_ForcedOC2Config" Icon="3" Type="func" Desc=":   void" DeclFile="C:\Users\kasper\Desktop\MP3_Player\SRC_3.10_ST_Lib\STM32F10x_Lib_V3.0.1\Libraries\STM32F10x_StdPeriph_Driver\src\stm32f10x_tim.c" DeclLine="1317"/>
 <func Header="TIM_ForcedOC3Config" Icon="3" Type="func" Desc=":   void" DeclFile="C:\Users\kasper\Desktop\MP3_Player\SRC_3.10_ST_Lib\STM32F10x_Lib_V3.0.1\Libraries\STM32F10x_StdPeriph_Driver\src\stm32f10x_tim.c" DeclLine="1341"/>
 <func Header="TIM_ForcedOC4Config" Icon="3" Type="func" Desc=":   void" DeclFile="C:\Users\kasper\Desktop\MP3_Player\SRC_3.10_ST_Lib\STM32F10x_Lib_V3.0.1\Libraries\STM32F10x_StdPeriph_Driver\src\stm32f10x_tim.c" DeclLine="1365"/>
 <func Header="TIM_ARRPreloadConfig" Icon="3" Type="func" Desc=":   void" DeclFile="C:\Users\kasper\Desktop\MP3_Player\SRC_3.10_ST_Lib\STM32F10x_Lib_V3.0.1\Libraries\STM32F10x_StdPeriph_Driver\src\stm32f10x_tim.c" DeclLine="1387"/>
 <func Header="TIM_SelectCOM" Icon="3" Type="func" Desc=":   void" DeclFile="C:\Users\kasper\Desktop\MP3_Player\SRC_3.10_ST_Lib\STM32F10x_Lib_V3.0.1\Libraries\STM32F10x_StdPeriph_Driver\src\stm32f10x_tim.c" DeclLine="1411"/>
 <func Header="TIM_SelectCCDMA" Icon="3" Type="func" Desc=":   void" DeclFile="C:\Users\kasper\Desktop\MP3_Player\SRC_3.10_ST_Lib\STM32F10x_Lib_V3.0.1\Libraries\STM32F10x_StdPeriph_Driver\src\stm32f10x_tim.c" DeclLine="1435"/>
 <func Header="TIM_CCPreloadControl" Icon="3" Type="func" Desc=":   void" DeclFile="C:\Users\kasper\Desktop\MP3_Player\SRC_3.10_ST_Lib\STM32F10x_Lib_V3.0.1\Libraries\STM32F10x_StdPeriph_Driver\src\stm32f10x_tim.c" DeclLine="1459"/>
 <func Header="TIM_OC1PreloadConfig" Icon="3" Type="func" Desc=":   void" DeclFile="C:\Users\kasper\Desktop\MP3_Player\SRC_3.10_ST_Lib\STM32F10x_Lib_V3.0.1\Libraries\STM32F10x_StdPeriph_Driver\src\stm32f10x_tim.c" DeclLine="1485"/>
 <func Header="TIM_OC2PreloadConfig" Icon="3" Type="func" Desc=":   void" DeclFile="C:\Users\kasper\Desktop\MP3_Player\SRC_3.10_ST_Lib\STM32F10x_Lib_V3.0.1\Libraries\STM32F10x_StdPeriph_Driver\src\stm32f10x_tim.c" DeclLine="1509"/>
 <func Header="TIM_OC3PreloadConfig" Icon="3" Type="func" Desc=":   void" DeclFile="C:\Users\kasper\Desktop\MP3_Player\SRC_3.10_ST_Lib\STM32F10x_Lib_V3.0.1\Libraries\STM32F10x_StdPeriph_Driver\src\stm32f10x_tim.c" DeclLine="1533"/>
 <func Header="TIM_OC4PreloadConfig" Icon="3" Type="func" Desc=":   void" DeclFile="C:\Users\kasper\Desktop\MP3_Player\SRC_3.10_ST_Lib\STM32F10x_Lib_V3.0.1\Libraries\STM32F10x_StdPeriph_Driver\src\stm32f10x_tim.c" DeclLine="1557"/>
 <func Header="TIM_OC1FastConfig" Icon="3" Type="func" Desc=":   void" DeclFile="C:\Users\kasper\Desktop\MP3_Player\SRC_3.10_ST_Lib\STM32F10x_Lib_V3.0.1\Libraries\STM32F10x_StdPeriph_Driver\src\stm32f10x_tim.c" DeclLine="1581"/>
 <func Header="TIM_OC2FastConfig" Icon="3" Type="func" Desc=":   void" DeclFile="C:\Users\kasper\Desktop\MP3_Player\SRC_3.10_ST_Lib\STM32F10x_Lib_V3.0.1\Libraries\STM32F10x_StdPeriph_Driver\src\stm32f10x_tim.c" DeclLine="1606"/>
 <func Header="TIM_OC3FastConfig" Icon="3" Type="func" Desc=":   void" DeclFile="C:\Users\kasper\Desktop\MP3_Player\SRC_3.10_ST_Lib\STM32F10x_Lib_V3.0.1\Libraries\STM32F10x_StdPeriph_Driver\src\stm32f10x_tim.c" DeclLine="1631"/>
 <func Header="TIM_OC4FastConfig" Icon="3" Type="func" Desc=":   void" DeclFile="C:\Users\kasper\Desktop\MP3_Player\SRC_3.10_ST_Lib\STM32F10x_Lib_V3.0.1\Libraries\STM32F10x_StdPeriph_Driver\src\stm32f10x_tim.c" DeclLine="1656"/>
 <func Header="TIM_ClearOC1Ref" Icon="3" Type="func" Desc=":   void" DeclFile="C:\Users\kasper\Desktop\MP3_Player\SRC_3.10_ST_Lib\STM32F10x_Lib_V3.0.1\Libraries\STM32F10x_StdPeriph_Driver\src\stm32f10x_tim.c" DeclLine="1681"/>
 <func Header="TIM_ClearOC2Ref" Icon="3" Type="func" Desc=":   void" DeclFile="C:\Users\kasper\Desktop\MP3_Player\SRC_3.10_ST_Lib\STM32F10x_Lib_V3.0.1\Libraries\STM32F10x_StdPeriph_Driver\src\stm32f10x_tim.c" DeclLine="1705"/>
 <func Header="TIM_ClearOC3Ref" Icon="3" Type="func" Desc=":   void" DeclFile="C:\Users\kasper\Desktop\MP3_Player\SRC_3.10_ST_Lib\STM32F10x_Lib_V3.0.1\Libraries\STM32F10x_StdPeriph_Driver\src\stm32f10x_tim.c" DeclLine="1729"/>
 <func Header="TIM_ClearOC4Ref" Icon="3" Type="func" Desc=":   void" DeclFile="C:\Users\kasper\Desktop\MP3_Player\SRC_3.10_ST_Lib\STM32F10x_Lib_V3.0.1\Libraries\STM32F10x_StdPeriph_Driver\src\stm32f10x_tim.c" DeclLine="1753"/>
 <func Header="TIM_OC1PolarityConfig" Icon="3" Type="func" Desc=":   void" DeclFile="C:\Users\kasper\Desktop\MP3_Player\SRC_3.10_ST_Lib\STM32F10x_Lib_V3.0.1\Libraries\STM32F10x_StdPeriph_Driver\src\stm32f10x_tim.c" DeclLine="1777"/>
 <func Header="TIM_OC1NPolarityConfig" Icon="3" Type="func" Desc=":   void" DeclFile="C:\Users\kasper\Desktop\MP3_Player\SRC_3.10_ST_Lib\STM32F10x_Lib_V3.0.1\Libraries\STM32F10x_StdPeriph_Driver\src\stm32f10x_tim.c" DeclLine="1800"/>
 <func Header="TIM_OC2PolarityConfig" Icon="3" Type="func" Desc=":   void" DeclFile="C:\Users\kasper\Desktop\MP3_Player\SRC_3.10_ST_Lib\STM32F10x_Lib_V3.0.1\Libraries\STM32F10x_StdPeriph_Driver\src\stm32f10x_tim.c" DeclLine="1824"/>
 <func Header="TIM_OC2NPolarityConfig" Icon="3" Type="func" Desc=":   void" DeclFile="C:\Users\kasper\Desktop\MP3_Player\SRC_3.10_ST_Lib\STM32F10x_Lib_V3.0.1\Libraries\STM32F10x_StdPeriph_Driver\src\stm32f10x_tim.c" DeclLine="1847"/>
 <func Header="TIM_OC3PolarityConfig" Icon="3" Type="func" Desc=":   void" DeclFile="C:\Users\kasper\Desktop\MP3_Player\SRC_3.10_ST_Lib\STM32F10x_Lib_V3.0.1\Libraries\STM32F10x_StdPeriph_Driver\src\stm32f10x_tim.c" DeclLine="1871"/>
 <func Header="TIM_OC3NPolarityConfig" Icon="3" Type="func" Desc=":   void" DeclFile="C:\Users\kasper\Desktop\MP3_Player\SRC_3.10_ST_Lib\STM32F10x_Lib_V3.0.1\Libraries\STM32F10x_StdPeriph_Driver\src\stm32f10x_tim.c" DeclLine="1894"/>
 <func Header="TIM_OC4PolarityConfig" Icon="3" Type="func" Desc=":   void" DeclFile="C:\Users\kasper\Desktop\MP3_Player\SRC_3.10_ST_Lib\STM32F10x_Lib_V3.0.1\Libraries\STM32F10x_StdPeriph_Driver\src\stm32f10x_tim.c" DeclLine="1919"/>
 <func Header="TIM_CCxCmd" Icon="3" Type="func" Desc=":   void" DeclFile="C:\Users\kasper\Desktop\MP3_Player\SRC_3.10_ST_Lib\STM32F10x_Lib_V3.0.1\Libraries\STM32F10x_StdPeriph_Driver\src\stm32f10x_tim.c" DeclLine="1946"/>
 <func Header="TIM_CCxNCmd" Icon="3" Type="func" Desc=":   void" DeclFile="C:\Users\kasper\Desktop\MP3_Player\SRC_3.10_ST_Lib\STM32F10x_Lib_V3.0.1\Libraries\STM32F10x_StdPeriph_Driver\src\stm32f10x_tim.c" DeclLine="1976"/>
 <func Header="TIM_SelectOCxM" Icon="3" Type="func" Desc=":   void" DeclFile="C:\Users\kasper\Desktop\MP3_Player\SRC_3.10_ST_Lib\STM32F10x_Lib_V3.0.1\Libraries\STM32F10x_StdPeriph_Driver\src\stm32f10x_tim.c" DeclLine="2017"/>
 <func Header="TIM_UpdateDisableConfig" Icon="3" Type="func" Desc=":   void" DeclFile="C:\Users\kasper\Desktop\MP3_Player\SRC_3.10_ST_Lib\STM32F10x_Lib_V3.0.1\Libraries\STM32F10x_StdPeriph_Driver\src\stm32f10x_tim.c" DeclLine="2064"/>
 <func Header="TIM_UpdateRequestConfig" Icon="3" Type="func" Desc=":   void" DeclFile="C:\Users\kasper\Desktop\MP3_Player\SRC_3.10_ST_Lib\STM32F10x_Lib_V3.0.1\Libraries\STM32F10x_StdPeriph_Driver\src\stm32f10x_tim.c" DeclLine="2092"/>
 <func Header="TIM_SelectHallSensor" Icon="3" Type="func" Desc=":   void" DeclFile="C:\Users\kasper\Desktop\MP3_Player\SRC_3.10_ST_Lib\STM32F10x_Lib_V3.0.1\Libraries\STM32F10x_StdPeriph_Driver\src\stm32f10x_tim.c" DeclLine="2116"/>
 <func Header="TIM_SelectOnePulseMode" Icon="3" Type="func" Desc=":   void" DeclFile="C:\Users\kasper\Desktop\MP3_Player\SRC_3.10_ST_Lib\STM32F10x_Lib_V3.0.1\Libraries\STM32F10x_StdPeriph_Driver\src\stm32f10x_tim.c" DeclLine="2142"/>
 <func Header="TIM_SelectOutputTrigger" Icon="3" Type="func" Desc=":   void" DeclFile="C:\Users\kasper\Desktop\MP3_Player\SRC_3.10_ST_Lib\STM32F10x_Lib_V3.0.1\Libraries\STM32F10x_StdPeriph_Driver\src\stm32f10x_tim.c" DeclLine="2174"/>
 <func Header="TIM_SelectSlaveMode" Icon="3" Type="func" Desc=":   void" DeclFile="C:\Users\kasper\Desktop\MP3_Player\SRC_3.10_ST_Lib\STM32F10x_Lib_V3.0.1\Libraries\STM32F10x_StdPeriph_Driver\src\stm32f10x_tim.c" DeclLine="2197"/>
 <func Header="TIM_SelectMasterSlaveMode" Icon="3" Type="func" Desc=":   void" DeclFile="C:\Users\kasper\Desktop\MP3_Player\SRC_3.10_ST_Lib\STM32F10x_Lib_V3.0.1\Libraries\STM32F10x_StdPeriph_Driver\src\stm32f10x_tim.c" DeclLine="2218"/>
 <func Header="TIM_SetCounter" Icon="3" Type="func" Desc=":   void" DeclFile="C:\Users\kasper\Desktop\MP3_Player\SRC_3.10_ST_Lib\STM32F10x_Lib_V3.0.1\Libraries\STM32F10x_StdPeriph_Driver\src\stm32f10x_tim.c" DeclLine="2236"/>
 <func Header="TIM_SetAutoreload" Icon="3" Type="func" Desc=":   void" DeclFile="C:\Users\kasper\Desktop\MP3_Player\SRC_3.10_ST_Lib\STM32F10x_Lib_V3.0.1\Libraries\STM32F10x_StdPeriph_Driver\src\stm32f10x_tim.c" DeclLine="2250"/>
 <func Header="TIM_SetCompare1" Icon="3" Type="func" Desc=":   void" DeclFile="C:\Users\kasper\Desktop\MP3_Player\SRC_3.10_ST_Lib\STM32F10x_Lib_V3.0.1\Libraries\STM32F10x_StdPeriph_Driver\src\stm32f10x_tim.c" DeclLine="2264"/>
 <func Header="TIM_SetCompare2" Icon="3" Type="func" Desc=":   void" DeclFile="C:\Users\kasper\Desktop\MP3_Player\SRC_3.10_ST_Lib\STM32F10x_Lib_V3.0.1\Libraries\STM32F10x_StdPeriph_Driver\src\stm32f10x_tim.c" DeclLine="2278"/>
 <func Header="TIM_SetCompare3" Icon="3" Type="func" Desc=":   void" DeclFile="C:\Users\kasper\Desktop\MP3_Player\SRC_3.10_ST_Lib\STM32F10x_Lib_V3.0.1\Libraries\STM32F10x_StdPeriph_Driver\src\stm32f10x_tim.c" DeclLine="2292"/>
 <func Header="TIM_SetCompare4" Icon="3" Type="func" Desc=":   void" DeclFile="C:\Users\kasper\Desktop\MP3_Player\SRC_3.10_ST_Lib\STM32F10x_Lib_V3.0.1\Libraries\STM32F10x_StdPeriph_Driver\src\stm32f10x_tim.c" DeclLine="2306"/>
 <func Header="TIM_SetIC1Prescaler" Icon="3" Type="func" Desc=":   void" DeclFile="C:\Users\kasper\Desktop\MP3_Player\SRC_3.10_ST_Lib\STM32F10x_Lib_V3.0.1\Libraries\STM32F10x_StdPeriph_Driver\src\stm32f10x_tim.c" DeclLine="0"/>
 <func Header="TIM_SetIC2Prescaler" Icon="3" Type="func" Desc=":   void" DeclFile="C:\Users\kasper\Desktop\MP3_Player\SRC_3.10_ST_Lib\STM32F10x_Lib_V3.0.1\Libraries\STM32F10x_StdPeriph_Driver\src\stm32f10x_tim.c" DeclLine="0"/>
 <func Header="TIM_SetIC3Prescaler" Icon="3" Type="func" Desc=":   void" DeclFile="C:\Users\kasper\Desktop\MP3_Player\SRC_3.10_ST_Lib\STM32F10x_Lib_V3.0.1\Libraries\STM32F10x_StdPeriph_Driver\src\stm32f10x_tim.c" DeclLine="0"/>
 <func Header="TIM_SetIC4Prescaler" Icon="3" Type="func" Desc=":   void" DeclFile="C:\Users\kasper\Desktop\MP3_Player\SRC_3.10_ST_Lib\STM32F10x_Lib_V3.0.1\Libraries\STM32F10x_StdPeriph_Driver\src\stm32f10x_tim.c" DeclLine="0"/>
 <func Header="TIM_SetClockDivision" Icon="3" Type="func" Desc=":   void" DeclFile="C:\Users\kasper\Desktop\MP3_Player\SRC_3.10_ST_Lib\STM32F10x_Lib_V3.0.1\Libraries\STM32F10x_StdPeriph_Driver\src\stm32f10x_tim.c" DeclLine="2412"/>
 <func Header="TIM_GetCapture1" Icon="3" Type="func" Desc=":   unsigned int" DeclFile="C:\Users\kasper\Desktop\MP3_Player\SRC_3.10_ST_Lib\STM32F10x_Lib_V3.0.1\Libraries\STM32F10x_StdPeriph_Driver\src\stm32f10x_tim.c" DeclLine="2428"/>
 <func Header="TIM_GetCapture2" Icon="3" Type="func" Desc=":   unsigned int" DeclFile="C:\Users\kasper\Desktop\MP3_Player\SRC_3.10_ST_Lib\STM32F10x_Lib_V3.0.1\Libraries\STM32F10x_StdPeriph_Driver\src\stm32f10x_tim.c" DeclLine="2441"/>
 <func Header="TIM_GetCapture3" Icon="3" Type="func" Desc=":   unsigned int" DeclFile="C:\Users\kasper\Desktop\MP3_Player\SRC_3.10_ST_Lib\STM32F10x_Lib_V3.0.1\Libraries\STM32F10x_StdPeriph_Driver\src\stm32f10x_tim.c" DeclLine="2454"/>
 <func Header="TIM_GetCapture4" Icon="3" Type="func" Desc=":   unsigned int" DeclFile="C:\Users\kasper\Desktop\MP3_Player\SRC_3.10_ST_Lib\STM32F10x_Lib_V3.0.1\Libraries\STM32F10x_StdPeriph_Driver\src\stm32f10x_tim.c" DeclLine="2467"/>
 <func Header="TIM_GetCounter" Icon="3" Type="func" Desc=":   unsigned int" DeclFile="C:\Users\kasper\Desktop\MP3_Player\SRC_3.10_ST_Lib\STM32F10x_Lib_V3.0.1\Libraries\STM32F10x_StdPeriph_Driver\src\stm32f10x_tim.c" DeclLine="2480"/>
 <func Header="TIM_GetPrescaler" Icon="3" Type="func" Desc=":   unsigned int" DeclFile="C:\Users\kasper\Desktop\MP3_Player\SRC_3.10_ST_Lib\STM32F10x_Lib_V3.0.1\Libraries\STM32F10x_StdPeriph_Driver\src\stm32f10x_tim.c" DeclLine="2493"/>
 <func Header="TIM_GetFlagStatus" Icon="3" Type="func" Desc=":   unsigned char" DeclFile="C:\Users\kasper\Desktop\MP3_Player\SRC_3.10_ST_Lib\STM32F10x_Lib_V3.0.1\Libraries\STM32F10x_StdPeriph_Driver\src\stm32f10x_tim.c" DeclLine="2523"/>
 <func Header="TIM_ClearFlag" Icon="3" Type="func" Desc=":   void" DeclFile="C:\Users\kasper\Desktop\MP3_Player\SRC_3.10_ST_Lib\STM32F10x_Lib_V3.0.1\Libraries\STM32F10x_StdPeriph_Driver\src\stm32f10x_tim.c" DeclLine="2563"/>
 <func Header="TIM_GetITStatus" Icon="3" Type="func" Desc=":   unsigned char" DeclFile="C:\Users\kasper\Desktop\MP3_Player\SRC_3.10_ST_Lib\STM32F10x_Lib_V3.0.1\Libraries\STM32F10x_StdPeriph_Driver\src\stm32f10x_tim.c" DeclLine="2591"/>
 <func Header="TIM_ClearITPendingBit" Icon="3" Type="func" Desc=":   void" DeclFile="C:\Users\kasper\Desktop\MP3_Player\SRC_3.10_ST_Lib\STM32F10x_Lib_V3.0.1\Libraries\STM32F10x_StdPeriph_Driver\src\stm32f10x_tim.c" DeclLine="2631"/>
 <func Header="TIM_DeInit" Icon="3" Type="func" Desc=":   void" DeclFile="C:\Users\kasper\Desktop\MP3_Player\SRC_3.10_ST_Lib\STM32F10x_Lib_V3.0.1\Libraries\STM32F10x_StdPeriph_Driver\src\stm32f10x_tim.c" DeclLine="188"/>
 <type Header="uint8_t" Icon="1" Type="type" Desc=": unsigned char" DeclFile="c:\program files\raisonance\ride\arm-gcc\arm-none-eabi\include\stdint.h" DeclLine="46" Pointer="No"/>
 <type Header="uint32_t" Icon="1" Type="type" Desc=": unsigned long" DeclFile="c:\program files\raisonance\ride\arm-gcc\arm-none-eabi\include\stdint.h" DeclLine="84" Pointer="No"/>
 <type Header="FlagStatus" Icon="1" Type="type" Desc=": unsigned char" DeclFile="C:\Users\kasper\Desktop\MP3_Player\SRC_3.10_ST_Lib\stm32f10x.h" DeclLine="348" Pointer="No"/>
 <type Header="ITStatus" Icon="1" Type="type" Desc=": unsigned char" DeclFile="C:\Users\kasper\Desktop\MP3_Player\SRC_3.10_ST_Lib\stm32f10x.h" DeclLine="348" Pointer="No"/>
 <type Header="FunctionalState" Icon="1" Type="type" Desc=": unsigned char" DeclFile="C:\Users\kasper\Desktop\MP3_Player\SRC_3.10_ST_Lib\stm32f10x.h" DeclLine="350" Pointer="No"/>
 <type Header="ErrorStatus" Icon="1" Type="type" Desc=": unsigned char" DeclFile="C:\Users\kasper\Desktop\MP3_Player\SRC_3.10_ST_Lib\stm32f10x.h" DeclLine="353" Pointer="No"/>
 <type Header="RCC_ClocksTypeDef" Icon="1" Type="type" Desc=": struct " DeclFile="C:\Users\kasper\Desktop\MP3_Player\SRC_3.10_ST_Lib\STM32F10x_Lib_V3.0.1\Libraries\STM32F10x_StdPeriph_Driver\inc\stm32f10x_rcc.h" DeclLine="52" Pointer="No"/>
 <func Header="RCC_DeInit" Icon="3" Type="func" Desc=":   void" DeclFile="C:\Users\kasper\Desktop\MP3_Player\SRC_3.10_ST_Lib\STM32F10x_Lib_V3.0.1\Libraries\STM32F10x_StdPeriph_Driver\src\stm32f10x_rcc.c" DeclLine="225"/>
 <func Header="RCC_HSEConfig" Icon="3" Type="func" Desc=":   void" DeclFile="C:\Users\kasper\Desktop\MP3_Player\SRC_3.10_ST_Lib\STM32F10x_Lib_V3.0.1\Libraries\STM32F10x_StdPeriph_Driver\src\stm32f10x_rcc.c" DeclLine="271"/>
 <func Header="RCC_WaitForHSEStartUp" Icon="3" Type="func" Desc=":   unsigned char" DeclFile="C:\Users\kasper\Desktop\MP3_Player\SRC_3.10_ST_Lib\STM32F10x_Lib_V3.0.1\Libraries\STM32F10x_StdPeriph_Driver\src\stm32f10x_rcc.c" DeclLine="305"/>
 <func Header="RCC_AdjustHSICalibrationValue" Icon="3" Type="func" Desc=":   void" DeclFile="C:\Users\kasper\Desktop\MP3_Player\SRC_3.10_ST_Lib\STM32F10x_Lib_V3.0.1\Libraries\STM32F10x_StdPeriph_Driver\src\stm32f10x_rcc.c" DeclLine="335"/>
 <func Header="RCC_HSICmd" Icon="3" Type="func" Desc=":   void" DeclFile="C:\Users\kasper\Desktop\MP3_Player\SRC_3.10_ST_Lib\STM32F10x_Lib_V3.0.1\Libraries\STM32F10x_StdPeriph_Driver\src\stm32f10x_rcc.c" DeclLine="355"/>
 <func Header="RCC_PLLConfig" Icon="3" Type="func" Desc=":   void" DeclFile="C:\Users\kasper\Desktop\MP3_Player\SRC_3.10_ST_Lib\STM32F10x_Lib_V3.0.1\Libraries\STM32F10x_StdPeriph_Driver\src\stm32f10x_rcc.c" DeclLine="379"/>
 <func Header="RCC_PLLCmd" Icon="3" Type="func" Desc=":   void" DeclFile="C:\Users\kasper\Desktop\MP3_Player\SRC_3.10_ST_Lib\STM32F10x_Lib_V3.0.1\Libraries\STM32F10x_StdPeriph_Driver\src\stm32f10x_rcc.c" DeclLine="402"/>
 <func Header="RCC_SYSCLKConfig" Icon="3" Type="func" Desc=":   void" DeclFile="C:\Users\kasper\Desktop\MP3_Player\SRC_3.10_ST_Lib\STM32F10x_Lib_V3.0.1\Libraries\STM32F10x_StdPeriph_Driver\src\stm32f10x_rcc.c" DeclLine="561"/>
 <func Header="RCC_GetSYSCLKSource" Icon="3" Type="func" Desc=":   unsigned char" DeclFile="C:\Users\kasper\Desktop\MP3_Player\SRC_3.10_ST_Lib\STM32F10x_Lib_V3.0.1\Libraries\STM32F10x_StdPeriph_Driver\src\stm32f10x_rcc.c" DeclLine="584"/>
 <func Header="RCC_HCLKConfig" Icon="3" Type="func" Desc=":   void" DeclFile="C:\Users\kasper\Desktop\MP3_Player\SRC_3.10_ST_Lib\STM32F10x_Lib_V3.0.1\Libraries\STM32F10x_StdPeriph_Driver\src\stm32f10x_rcc.c" DeclLine="605"/>
 <func Header="RCC_PCLK1Config" Icon="3" Type="func" Desc=":   void" DeclFile="C:\Users\kasper\Desktop\MP3_Player\SRC_3.10_ST_Lib\STM32F10x_Lib_V3.0.1\Libraries\STM32F10x_StdPeriph_Driver\src\stm32f10x_rcc.c" DeclLine="631"/>
 <func Header="RCC_PCLK2Config" Icon="3" Type="func" Desc=":   void" DeclFile="C:\Users\kasper\Desktop\MP3_Player\SRC_3.10_ST_Lib\STM32F10x_Lib_V3.0.1\Libraries\STM32F10x_StdPeriph_Driver\src\stm32f10x_rcc.c" DeclLine="657"/>
 <func Header="RCC_ITConfig" Icon="3" Type="func" Desc=":   void" DeclFile="C:\Users\kasper\Desktop\MP3_Player\SRC_3.10_ST_Lib\STM32F10x_Lib_V3.0.1\Libraries\STM32F10x_StdPeriph_Driver\src\stm32f10x_rcc.c" DeclLine="697"/>
 <func Header="RCC_USBCLKConfig" Icon="3" Type="func" Desc=":   void" DeclFile="C:\Users\kasper\Desktop\MP3_Player\SRC_3.10_ST_Lib\STM32F10x_Lib_V3.0.1\Libraries\STM32F10x_StdPeriph_Driver\src\stm32f10x_rcc.c" DeclLine="725"/>
 <func Header="RCC_ADCCLKConfig" Icon="3" Type="func" Desc=":   void" DeclFile="C:\Users\kasper\Desktop\MP3_Player\SRC_3.10_ST_Lib\STM32F10x_Lib_V3.0.1\Libraries\STM32F10x_StdPeriph_Driver\src\stm32f10x_rcc.c" DeclLine="763"/>
 <func Header="RCC_LSEConfig" Icon="3" Type="func" Desc=":   void" DeclFile="C:\Users\kasper\Desktop\MP3_Player\SRC_3.10_ST_Lib\STM32F10x_Lib_V3.0.1\Libraries\STM32F10x_StdPeriph_Driver\src\stm32f10x_rcc.c" DeclLine="826"/>
 <func Header="RCC_LSICmd" Icon="3" Type="func" Desc=":   void" DeclFile="C:\Users\kasper\Desktop\MP3_Player\SRC_3.10_ST_Lib\STM32F10x_Lib_V3.0.1\Libraries\STM32F10x_StdPeriph_Driver\src\stm32f10x_rcc.c" DeclLine="859"/>
 <func Header="RCC_RTCCLKConfig" Icon="3" Type="func" Desc=":   void" DeclFile="C:\Users\kasper\Desktop\MP3_Player\SRC_3.10_ST_Lib\STM32F10x_Lib_V3.0.1\Libraries\STM32F10x_StdPeriph_Driver\src\stm32f10x_rcc.c" DeclLine="876"/>
 <func Header="RCC_RTCCLKCmd" Icon="3" Type="func" Desc=":   void" DeclFile="C:\Users\kasper\Desktop\MP3_Player\SRC_3.10_ST_Lib\STM32F10x_Lib_V3.0.1\Libraries\STM32F10x_StdPeriph_Driver\src\stm32f10x_rcc.c" DeclLine="890"/>
 <func Header="RCC_GetClocksFreq" Icon="3" Type="func" Desc=":   void" DeclFile="C:\Users\kasper\Desktop\MP3_Player\SRC_3.10_ST_Lib\STM32F10x_Lib_V3.0.1\Libraries\STM32F10x_StdPeriph_Driver\src\stm32f10x_rcc.c" DeclLine="903"/>
 <func Header="RCC_AHBPeriphClockCmd" Icon="3" Type="func" Desc=":   void" DeclFile="C:\Users\kasper\Desktop\MP3_Player\SRC_3.10_ST_Lib\STM32F10x_Lib_V3.0.1\Libraries\STM32F10x_StdPeriph_Driver\src\stm32f10x_rcc.c" DeclLine="1048"/>
 <func Header="RCC_APB2PeriphClockCmd" Icon="3" Type="func" Desc=":   void" DeclFile="C:\Users\kasper\Desktop\MP3_Player\SRC_3.10_ST_Lib\STM32F10x_Lib_V3.0.1\Libraries\STM32F10x_StdPeriph_Driver\src\stm32f10x_rcc.c" DeclLine="1077"/>
 <func Header="RCC_APB1PeriphClockCmd" Icon="3" Type="func" Desc=":   void" DeclFile="C:\Users\kasper\Desktop\MP3_Player\SRC_3.10_ST_Lib\STM32F10x_Lib_V3.0.1\Libraries\STM32F10x_StdPeriph_Driver\src\stm32f10x_rcc.c" DeclLine="1107"/>
 <func Header="RCC_APB2PeriphResetCmd" Icon="3" Type="func" Desc=":   void" DeclFile="C:\Users\kasper\Desktop\MP3_Player\SRC_3.10_ST_Lib\STM32F10x_Lib_V3.0.1\Libraries\STM32F10x_StdPeriph_Driver\src\stm32f10x_rcc.c" DeclLine="1164"/>
 <func Header="RCC_APB1PeriphResetCmd" Icon="3" Type="func" Desc=":   void" DeclFile="C:\Users\kasper\Desktop\MP3_Player\SRC_3.10_ST_Lib\STM32F10x_Lib_V3.0.1\Libraries\STM32F10x_StdPeriph_Driver\src\stm32f10x_rcc.c" DeclLine="1194"/>
 <func Header="RCC_BackupResetCmd" Icon="3" Type="func" Desc=":   void" DeclFile="C:\Users\kasper\Desktop\MP3_Player\SRC_3.10_ST_Lib\STM32F10x_Lib_V3.0.1\Libraries\STM32F10x_StdPeriph_Driver\src\stm32f10x_rcc.c" DeclLine="1215"/>
 <func Header="RCC_ClockSecuritySystemCmd" Icon="3" Type="func" Desc=":   void" DeclFile="C:\Users\kasper\Desktop\MP3_Player\SRC_3.10_ST_Lib\STM32F10x_Lib_V3.0.1\Libraries\STM32F10x_StdPeriph_Driver\src\stm32f10x_rcc.c" DeclLine="1228"/>
 <func Header="RCC_MCOConfig" Icon="3" Type="func" Desc=":   void" DeclFile="C:\Users\kasper\Desktop\MP3_Player\SRC_3.10_ST_Lib\STM32F10x_Lib_V3.0.1\Libraries\STM32F10x_StdPeriph_Driver\src\stm32f10x_rcc.c" DeclLine="1260"/>
 <func Header="RCC_GetFlagStatus" Icon="3" Type="func" Desc=":   unsigned char" DeclFile="C:\Users\kasper\Desktop\MP3_Player\SRC_3.10_ST_Lib\STM32F10x_Lib_V3.0.1\Libraries\STM32F10x_StdPeriph_Driver\src\stm32f10x_rcc.c" DeclLine="0"/>
 <func Header="RCC_ClearFlag" Icon="3" Type="func" Desc=":   void" DeclFile="C:\Users\kasper\Desktop\MP3_Player\SRC_3.10_ST_Lib\STM32F10x_Lib_V3.0.1\Libraries\STM32F10x_StdPeriph_Driver\src\stm32f10x_rcc.c" DeclLine="1349"/>
 <func Header="RCC_GetITStatus" Icon="3" Type="func" Desc=":   unsigned char" DeclFile="C:\Users\kasper\Desktop\MP3_Player\SRC_3.10_ST_Lib\STM32F10x_Lib_V3.0.1\Libraries\STM32F10x_StdPeriph_Driver\src\stm32f10x_rcc.c" DeclLine="1380"/>
 <func Header="RCC_ClearITPendingBit" Icon="3" Type="func" Desc=":   void" DeclFile="C:\Users\kasper\Desktop\MP3_Player\SRC_3.10_ST_Lib\STM32F10x_Lib_V3.0.1\Libraries\STM32F10x_StdPeriph_Driver\src\stm32f10x_rcc.c" DeclLine="1426"/>
 <variable Header="APBAHBPrescTable" Icon="2" Type="variable" Desc=":   unsigned char[16]" DeclFile="C:\Users\kasper\Desktop\MP3_Player\SRC_3.10_ST_Lib\STM32F10x_Lib_V3.0.1\Libraries\STM32F10x_StdPeriph_Driver\src\stm32f10x_rcc.c" DeclLine="200" Pointer="No"/>
 <variable Header="ADCPrescTable" Icon="2" Type="variable" Desc=":   unsigned char[4]" DeclFile="C:\Users\kasper\Desktop\MP3_Player\SRC_3.10_ST_Lib\STM32F10x_Lib_V3.0.1\Libraries\STM32F10x_StdPeriph_Driver\src\stm32f10x_rcc.c" DeclLine="201" Pointer="No"/>
 <type Header="uint8_t" Icon="1" Type="type" Desc=": unsigned char" DeclFile="c:\program files\raisonance\ride\arm-gcc\arm-none-eabi\include\stdint.h" DeclLine="46" Pointer="No"/>
 <type Header="int16_t" Icon="1" Type="type" Desc=": int" DeclFile="c:\program files\raisonance\ride\arm-gcc\arm-none-eabi\include\stdint.h" DeclLine="57" Pointer="No"/>
 <type Header="uint16_t" Icon="1" Type="type" Desc=": unsigned int" DeclFile="c:\program files\raisonance\ride\arm-gcc\arm-none-eabi\include\stdint.h" DeclLine="58" Pointer="No"/>
 <type Header="int32_t" Icon="1" Type="type" Desc=": long" DeclFile="c:\program files\raisonance\ride\arm-gcc\arm-none-eabi\include\stdint.h" DeclLine="83" Pointer="No"/>
 <type Header="uint32_t" Icon="1" Type="type" Desc=": unsigned long" DeclFile="c:\program files\raisonance\ride\arm-gcc\arm-none-eabi\include\stdint.h" DeclLine="84" Pointer="No"/>
 <func Header="__get_PSP" Icon="3" Type="func" Desc=":   unsigned long" DeclFile="C:\Users\kasper\Desktop\MP3_Player\SRC_3.10_ST_Lib\STM32F10x_Lib_V3.0.1\Libraries\CMSIS\Core\CM3\core_cm3.c" DeclLine="461"/>
 <func Header="__set_PSP" Icon="3" Type="func" Desc=":   void" DeclFile="C:\Users\kasper\Desktop\MP3_Player\SRC_3.10_ST_Lib\STM32F10x_Lib_V3.0.1\Libraries\CMSIS\Core\CM3\core_cm3.c" DeclLine="482"/>
 <func Header="__get_MSP" Icon="3" Type="func" Desc=":   unsigned long" DeclFile="C:\Users\kasper\Desktop\MP3_Player\SRC_3.10_ST_Lib\STM32F10x_Lib_V3.0.1\Libraries\CMSIS\Core\CM3\core_cm3.c" DeclLine="498"/>
 <func Header="__set_MSP" Icon="3" Type="func" Desc=":   void" DeclFile="C:\Users\kasper\Desktop\MP3_Player\SRC_3.10_ST_Lib\STM32F10x_Lib_V3.0.1\Libraries\CMSIS\Core\CM3\core_cm3.c" DeclLine="518"/>
 <func Header="__get_BASEPRI" Icon="3" Type="func" Desc=":   unsigned long" DeclFile="C:\Users\kasper\Desktop\MP3_Player\SRC_3.10_ST_Lib\STM32F10x_Lib_V3.0.1\Libraries\CMSIS\Core\CM3\core_cm3.c" DeclLine="532"/>
 <func Header="__set_BASEPRI" Icon="3" Type="func" Desc=":   void" DeclFile="C:\Users\kasper\Desktop\MP3_Player\SRC_3.10_ST_Lib\STM32F10x_Lib_V3.0.1\Libraries\CMSIS\Core\CM3\core_cm3.c" DeclLine="548"/>
 <func Header="__get_PRIMASK" Icon="3" Type="func" Desc=":   unsigned long" DeclFile="C:\Users\kasper\Desktop\MP3_Player\SRC_3.10_ST_Lib\STM32F10x_Lib_V3.0.1\Libraries\CMSIS\Core\CM3\core_cm3.c" DeclLine="562"/>
 <func Header="__set_PRIMASK" Icon="3" Type="func" Desc=":   void" DeclFile="C:\Users\kasper\Desktop\MP3_Player\SRC_3.10_ST_Lib\STM32F10x_Lib_V3.0.1\Libraries\CMSIS\Core\CM3\core_cm3.c" DeclLine="578"/>
 <func Header="__get_FAULTMASK" Icon="3" Type="func" Desc=":   unsigned long" DeclFile="C:\Users\kasper\Desktop\MP3_Player\SRC_3.10_ST_Lib\STM32F10x_Lib_V3.0.1\Libraries\CMSIS\Core\CM3\core_cm3.c" DeclLine="591"/>
 <func Header="__set_FAULTMASK" Icon="3" Type="func" Desc=":   void" DeclFile="C:\Users\kasper\Desktop\MP3_Player\SRC_3.10_ST_Lib\STM32F10x_Lib_V3.0.1\Libraries\CMSIS\Core\CM3\core_cm3.c" DeclLine="607"/>
 <func Header="__REV" Icon="3" Type="func" Desc=":   unsigned long" DeclFile="C:\Users\kasper\Desktop\MP3_Player\SRC_3.10_ST_Lib\STM32F10x_Lib_V3.0.1\Libraries\CMSIS\Core\CM3\core_cm3.c" DeclLine="620"/>
 <func Header="__REV16" Icon="3" Type="func" Desc=":   unsigned long" DeclFile="C:\Users\kasper\Desktop\MP3_Player\SRC_3.10_ST_Lib\STM32F10x_Lib_V3.0.1\Libraries\CMSIS\Core\CM3\core_cm3.c" DeclLine="636"/>
 <func Header="__REVSH" Icon="3" Type="func" Desc=":   long" DeclFile="C:\Users\kasper\Desktop\MP3_Player\SRC_3.10_ST_Lib\STM32F10x_Lib_V3.0.1\Libraries\CMSIS\Core\CM3\core_cm3.c" DeclLine="652"/>
 <func Header="__RBIT" Icon="3" Type="func" Desc=":   unsigned long" DeclFile="C:\Users\kasper\Desktop\MP3_Player\SRC_3.10_ST_Lib\STM32F10x_Lib_V3.0.1\Libraries\CMSIS\Core\CM3\core_cm3.c" DeclLine="668"/>
 <func Header="__LDREXB" Icon="3" Type="func" Desc=":   unsigned char" DeclFile="C:\Users\kasper\Desktop\MP3_Player\SRC_3.10_ST_Lib\STM32F10x_Lib_V3.0.1\Libraries\CMSIS\Core\CM3\core_cm3.c" DeclLine="684"/>
 <func Header="__LDREXH" Icon="3" Type="func" Desc=":   unsigned int" DeclFile="C:\Users\kasper\Desktop\MP3_Player\SRC_3.10_ST_Lib\STM32F10x_Lib_V3.0.1\Libraries\CMSIS\Core\CM3\core_cm3.c" DeclLine="700"/>
 <func Header="__LDREXW" Icon="3" Type="func" Desc=":   unsigned long" DeclFile="C:\Users\kasper\Desktop\MP3_Player\SRC_3.10_ST_Lib\STM32F10x_Lib_V3.0.1\Libraries\CMSIS\Core\CM3\core_cm3.c" DeclLine="716"/>
 <func Header="__STREXB" Icon="3" Type="func" Desc=":   unsigned long" DeclFile="C:\Users\kasper\Desktop\MP3_Player\SRC_3.10_ST_Lib\STM32F10x_Lib_V3.0.1\Libraries\CMSIS\Core\CM3\core_cm3.c" DeclLine="733"/>
 <func Header="__STREXH" Icon="3" Type="func" Desc=":   unsigned long" DeclFile="C:\Users\kasper\Desktop\MP3_Player\SRC_3.10_ST_Lib\STM32F10x_Lib_V3.0.1\Libraries\CMSIS\Core\CM3\core_cm3.c" DeclLine="750"/>
 <func Header="__STREXW" Icon="3" Type="func" Desc=":   unsigned long" DeclFile="C:\Users\kasper\Desktop\MP3_Player\SRC_3.10_ST_Lib\STM32F10x_Lib_V3.0.1\Libraries\CMSIS\Core\CM3\core_cm3.c" DeclLine="767"/>
 <func Header="__get_CONTROL" Icon="3" Type="func" Desc=":   unsigned long" DeclFile="C:\Users\kasper\Desktop\MP3_Player\SRC_3.10_ST_Lib\STM32F10x_Lib_V3.0.1\Libraries\CMSIS\Core\CM3\core_cm3.c" DeclLine="783"/>
 <func Header="__set_CONTROL" Icon="3" Type="func" Desc=":   void" DeclFile="C:\Users\kasper\Desktop\MP3_Player\SRC_3.10_ST_Lib\STM32F10x_Lib_V3.0.1\Libraries\CMSIS\Core\CM3\core_cm3.c" DeclLine="799"/>
 <type Header="uint32_t" Icon="1" Type="type" Desc=": unsigned long" DeclFile="c:\program files\raisonance\ride\arm-gcc\arm-none-eabi\include\stdint.h" DeclLine="84" Pointer="No"/>
 <func Header="SystemInit" Icon="3" Type="func" Desc=":   void" DeclFile="C:\Users\kasper\Desktop\MP3_Player\SRC_3.10_ST_Lib\STM32F10x_Lib_V3.0.1\Libraries\CMSIS\Core\CM3\system_stm32f10x.c" DeclLine="188"/>
 <variable Header="SystemFrequency" Icon="2" Type="variable" Desc=":   unsigned long" DeclFile="C:\Users\kasper\Desktop\MP3_Player\SRC_3.10_ST_Lib\STM32F10x_Lib_V3.0.1\Libraries\CMSIS\Core\CM3\system_stm32f10x.c" DeclLine="135" Pointer="No"/>
 <variable Header="SystemFrequency_SysClk" Icon="2" Type="variable" Desc=":   unsigned long" DeclFile="C:\Users\kasper\Desktop\MP3_Player\SRC_3.10_ST_Lib\STM32F10x_Lib_V3.0.1\Libraries\CMSIS\Core\CM3\system_stm32f10x.c" DeclLine="136" Pointer="No"/>
 <variable Header="SystemFrequency_AHBClk" Icon="2" Type="variable" Desc=":   unsigned long" DeclFile="C:\Users\kasper\Desktop\MP3_Player\SRC_3.10_ST_Lib\STM32F10x_Lib_V3.0.1\Libraries\CMSIS\Core\CM3\system_stm32f10x.c" DeclLine="137" Pointer="No"/>
 <variable Header="SystemFrequency_APB1Clk" Icon="2" Type="variable" Desc=":   unsigned long" DeclFile="C:\Users\kasper\Desktop\MP3_Player\SRC_3.10_ST_Lib\STM32F10x_Lib_V3.0.1\Libraries\CMSIS\Core\CM3\system_stm32f10x.c" DeclLine="138" Pointer="No"/>
 <variable Header="SystemFrequency_APB2Clk" Icon="2" Type="variable" Desc=":   unsigned long" DeclFile="C:\Users\kasper\Desktop\MP3_Player\SRC_3.10_ST_Lib\STM32F10x_Lib_V3.0.1\Libraries\CMSIS\Core\CM3\system_stm32f10x.c" DeclLine="139" Pointer="No"/>
</aoffile>

